round,best_bit,best_score,max_score,mean_score,all_scores_json
1,44,0.7785634994506836,0.7785634994506836,0.7713611093349755,"{""0"": 0.7637420892715454, ""1"": 0.7658326029777527, ""2"": 0.7689681053161621, ""3"": 0.7689217925071716, ""4"": 0.7688901424407959, ""5"": 0.7672490477561951, ""6"": 0.766814649105072, ""7"": 0.7691108584403992, ""8"": 0.767362117767334, ""9"": 0.76494961977005, ""10"": 0.7598431706428528, ""11"": 0.7582978010177612, ""12"": 0.7588561773300171, ""13"": 0.7565569281578064, ""14"": 0.7550696134567261, ""15"": 0.7573902606964111, ""16"": 0.7657188773155212, ""17"": 0.7680760025978088, ""18"": 0.7718347907066345, ""19"": 0.7695156931877136, ""20"": 0.769068717956543, ""21"": 0.7661377191543579, ""22"": 0.767249584197998, ""23"": 0.7680278420448303, ""24"": 0.7693366408348083, ""25"": 0.7651453018188477, ""26"": 0.7600471377372742, ""27"": 0.7574546933174133, ""28"": 0.7583913207054138, ""29"": 0.7551885843276978, ""30"": 0.7542999386787415, ""31"": 0.7572253942489624, ""32"": 0.7749968767166138, ""33"": 0.7779245376586914, ""34"": 0.7739710807800293, ""35"": 0.777228832244873, ""36"": 0.7765789031982422, ""37"": 0.7766386866569519, ""38"": 0.7770925760269165, ""39"": 0.7759913206100464, ""40"": 0.7753990888595581, ""41"": 0.7780045866966248, ""42"": 0.7758486270904541, ""43"": 0.7755500078201294, ""44"": 0.7785634994506836, ""45"": 0.7748801708221436, ""46"": 0.7767075300216675, ""47"": 0.7743401527404785, ""48"": 0.7763904929161072, ""49"": 0.7780236601829529, ""50"": 0.7750692367553711, ""51"": 0.7759507894515991, ""52"": 0.7754960656166077, ""53"": 0.7744684219360352, ""54"": 0.7752560377120972, ""55"": 0.776055097579956, ""56"": 0.7761949300765991, ""57"": 0.7757662534713745, ""58"": 0.775443971157074, ""59"": 0.7759149670600891, ""60"": 0.7746313810348511, ""61"": 0.7772606611251831, ""62"": 0.7773473858833313, ""63"": 0.7765765190124512, ""64"": 0.7771191596984863, ""65"": 0.7758909463882446, ""66"": 0.7768982648849487, ""67"": 0.7773457765579224, ""68"": 0.7734641432762146, ""69"": 0.7758622765541077, ""70"": 0.7756599187850952, ""71"": 0.775969386100769, ""72"": 0.7758408188819885, ""73"": 0.7761217951774597, ""74"": 0.7763882279396057, ""75"": 0.7756388187408447, ""76"": 0.7764138579368591, ""77"": 0.7752628922462463, ""78"": 0.775327742099762, ""79"": 0.7746710181236267, ""80"": 0.7781622409820557, ""81"": 0.7756708264350891, ""82"": 0.7760013341903687, ""83"": 0.7758356332778931, ""84"": 0.7772531509399414, ""85"": 0.775870144367218, ""86"": 0.7774613499641418, ""87"": 0.7767013311386108, ""88"": 0.775353729724884, ""89"": 0.776236891746521, ""90"": 0.7749462723731995, ""91"": 0.778486967086792, ""92"": 0.7764138579368591, ""93"": 0.7769817113876343, ""94"": 0.7768556475639343, ""95"": 0.7754283547401428, ""96"": 0.7750388383865356, ""97"": 0.7749748826026917, ""98"": 0.7713378071784973, ""99"": 0.7713691592216492, ""100"": 0.7726536989212036, ""101"": 0.7703734040260315, ""102"": 0.7667027115821838, ""103"": 0.7697494029998779, ""104"": 0.7758892774581909, ""105"": 0.7734249830245972, ""106"": 0.7721361517906189, ""107"": 0.768710732460022, ""108"": 0.7623499035835266, ""109"": 0.7624835968017578, ""110"": 0.7567879557609558, ""111"": 0.7630642652511597, ""112"": 0.7763833999633789, ""113"": 0.7742423415184021, ""114"": 0.7740517854690552, ""115"": 0.7706486582756042, ""116"": 0.7714163064956665, ""117"": 0.7702363729476929, ""118"": 0.7702921628952026, ""119"": 0.7706889510154724, ""120"": 0.774834156036377, ""121"": 0.7727447152137756, ""122"": 0.7704572677612305, ""123"": 0.7671989798545837, ""124"": 0.7657891511917114, ""125"": 0.7624183297157288, ""126"": 0.7592083811759949, ""127"": 0.7628942131996155}"
2,80,0.7677215933799744,0.7677215933799744,0.7504410627298057,"{""0"": 0.7472246885299683, ""1"": 0.7484062314033508, ""2"": 0.7566972374916077, ""3"": 0.7559548020362854, ""4"": 0.7512015104293823, ""5"": 0.7492202520370483, ""6"": 0.7501159310340881, ""7"": 0.7499620914459229, ""8"": 0.737729012966156, ""9"": 0.7332615852355957, ""10"": 0.7251493334770203, ""11"": 0.7208869457244873, ""12"": 0.7197409868240356, ""13"": 0.7193877696990967, ""14"": 0.7180532813072205, ""15"": 0.7198711633682251, ""16"": 0.731863260269165, ""17"": 0.7335737943649292, ""18"": 0.7384445667266846, ""19"": 0.7393040060997009, ""20"": 0.7344664335250854, ""21"": 0.733515202999115, ""22"": 0.7292342782020569, ""23"": 0.7339370846748352, ""24"": 0.7354562282562256, ""25"": 0.733482301235199, ""26"": 0.7327281832695007, ""27"": 0.7279990315437317, ""28"": 0.7301654815673828, ""29"": 0.7306937575340271, ""30"": 0.7273882031440735, ""31"": 0.7265549898147583, ""32"": 0.7644968032836914, ""33"": 0.7640814185142517, ""34"": 0.7642485499382019, ""35"": 0.7667790055274963, ""36"": 0.7639269232749939, ""37"": 0.7657233476638794, ""38"": 0.7613810300827026, ""39"": 0.76466965675354, ""40"": 0.7665949463844299, ""41"": 0.7644261717796326, ""42"": 0.7632514238357544, ""43"": 0.7645909190177917, ""44"": 0.7640697360038757, ""45"": 0.7654290199279785, ""46"": 0.7658294439315796, ""47"": 0.7640634775161743, ""48"": 0.7657193541526794, ""49"": 0.7646682858467102, ""50"": 0.7627609372138977, ""51"": 0.7655695676803589, ""52"": 0.7650375962257385, ""53"": 0.7663612365722656, ""54"": 0.7654301524162292, ""55"": 0.7624093294143677, ""56"": 0.7641535401344299, ""57"": 0.7657352089881897, ""58"": 0.7637761235237122, ""59"": 0.7667538523674011, ""60"": 0.7646750211715698, ""61"": 0.7634927034378052, ""62"": 0.7638718485832214, ""63"": 0.7630422115325928, ""64"": 0.7647954821586609, ""65"": 0.7625024318695068, ""66"": 0.7623301148414612, ""67"": 0.757319450378418, ""68"": 0.7603627443313599, ""69"": 0.7593374848365784, ""70"": 0.7575586438179016, ""71"": 0.7580516338348389, ""72"": 0.762184739112854, ""73"": 0.763266921043396, ""74"": 0.7610501050949097, ""75"": 0.7588279247283936, ""76"": 0.7555099725723267, ""77"": 0.7556926608085632, ""78"": 0.7521460652351379, ""79"": 0.7493436932563782, ""80"": 0.7677215933799744, ""81"": 0.760553240776062, ""82"": 0.7614736557006836, ""83"": 0.7597313523292542, ""84"": 0.7606873512268066, ""85"": 0.757660448551178, ""86"": 0.7547726631164551, ""87"": 0.760738730430603, ""88"": 0.7651708722114563, ""89"": 0.7649601101875305, ""90"": 0.7646476626396179, ""91"": 0.7636132836341858, ""92"": 0.7671455144882202, ""93"": 0.7661898732185364, ""94"": 0.7635934352874756, ""95"": 0.7642650604248047, ""96"": 0.7620428204536438, ""97"": 0.7496870756149292, ""98"": 0.760265052318573, ""99"": 0.7581526637077332, ""100"": 0.754322350025177, ""101"": 0.7550966739654541, ""102"": 0.7502869963645935, ""103"": 0.7504847645759583, ""104"": 0.7546035051345825, ""105"": 0.7423116564750671, ""106"": 0.736731767654419, ""107"": 0.7344325184822083, ""108"": 0.7284717559814453, ""109"": 0.7284323573112488, ""110"": 0.7260841727256775, ""111"": 0.7157778143882751, ""112"": 0.7562188506126404, ""113"": 0.7514868378639221, ""114"": 0.7468523383140564, ""115"": 0.742408037185669, ""116"": 0.7371357083320618, ""117"": 0.7399615049362183, ""118"": 0.7354350686073303, ""119"": 0.7356196045875549, ""120"": 0.755441427230835, ""121"": 0.7411020994186401, ""122"": 0.7383496165275574, ""123"": 0.7371731996536255, ""124"": 0.730565071105957, ""125"": 0.7282406687736511, ""126"": 0.7274173498153687, ""127"": 0.7139713168144226}"
3,51,0.7522925734519958,0.7522925734519958,0.7133675403892994,"{""0"": 0.7267242074012756, ""1"": 0.7232057452201843, ""2"": 0.7218902111053467, ""3"": 0.7158219814300537, ""4"": 0.7223871946334839, ""5"": 0.7153822183609009, ""6"": 0.7105859518051147, ""7"": 0.7160050868988037, ""8"": 0.6762010455131531, ""9"": 0.6560367941856384, ""10"": 0.6595652103424072, ""11"": 0.653160035610199, ""12"": 0.6487168073654175, ""13"": 0.646998941898346, ""14"": 0.643742024898529, ""15"": 0.6444327235221863, ""16"": 0.6668183207511902, ""17"": 0.6625965237617493, ""18"": 0.6546716094017029, ""19"": 0.6569815278053284, ""20"": 0.658822774887085, ""21"": 0.6513897180557251, ""22"": 0.6474950909614563, ""23"": 0.6492289304733276, ""24"": 0.6997447609901428, ""25"": 0.7017407417297363, ""26"": 0.6987131834030151, ""27"": 0.6989748477935791, ""28"": 0.7018400430679321, ""29"": 0.7015073299407959, ""30"": 0.6975953578948975, ""31"": 0.6964101791381836, ""32"": 0.7468713521957397, ""33"": 0.7474243640899658, ""34"": 0.7449086308479309, ""35"": 0.744576096534729, ""36"": 0.7379696369171143, ""37"": 0.7396533489227295, ""38"": 0.7386223673820496, ""39"": 0.7396141290664673, ""40"": 0.748383104801178, ""41"": 0.745125412940979, ""42"": 0.7429085969924927, ""43"": 0.7445574998855591, ""44"": 0.739159107208252, ""45"": 0.7426897287368774, ""46"": 0.7383558750152588, ""47"": 0.7382885813713074, ""48"": 0.7470353841781616, ""49"": 0.7491690516471863, ""50"": 0.7487431764602661, ""51"": 0.7522925734519958, ""52"": 0.7491812705993652, ""53"": 0.7482155561447144, ""54"": 0.7514228224754333, ""55"": 0.7517549991607666, ""56"": 0.7511800527572632, ""57"": 0.7493583559989929, ""58"": 0.7451383471488953, ""59"": 0.7436939477920532, ""60"": 0.7437358498573303, ""61"": 0.7442895770072937, ""62"": 0.7400088906288147, ""63"": 0.7399521470069885, ""64"": 0.7389509677886963, ""65"": 0.7326364517211914, ""66"": 0.7301876544952393, ""67"": 0.7232735753059387, ""68"": 0.7256476283073425, ""69"": 0.7188553810119629, ""70"": 0.7184935808181763, ""71"": 0.7163252234458923, ""72"": 0.7359388470649719, ""73"": 0.7224745154380798, ""74"": 0.7197223901748657, ""75"": 0.7199640870094299, ""76"": 0.7169362306594849, ""77"": 0.7110288143157959, ""78"": 0.7150183916091919, ""79"": 0.7047055959701538, ""80"": 0.7383797764778137, ""81"": 0.7322304844856262, ""82"": 0.7241892218589783, ""83"": 0.7197439670562744, ""84"": 0.7175078988075256, ""85"": 0.718437671661377, ""86"": 0.7107703685760498, ""87"": 0.7140815258026123, ""88"": 0.7482524514198303, ""89"": 0.7466285824775696, ""90"": 0.7501862645149231, ""91"": 0.7480083703994751, ""92"": 0.7506973743438721, ""93"": 0.7502283453941345, ""94"": 0.7473915815353394, ""95"": 0.7463908195495605, ""96"": 0.7485501170158386, ""97"": 0.7101804614067078, ""98"": 0.7412523627281189, ""99"": 0.7382140159606934, ""100"": 0.7336207628250122, ""101"": 0.7318432331085205, ""102"": 0.7272496819496155, ""103"": 0.728242039680481, ""104"": 0.7119616270065308, ""105"": 0.6917450428009033, ""106"": 0.6831137537956238, ""107"": 0.6716257929801941, ""108"": 0.671390175819397, ""109"": 0.6662901043891907, ""110"": 0.66169273853302, ""111"": 0.652121901512146, ""112"": 0.7111920714378357, ""113"": 0.7070510983467102, ""114"": 0.6984589695930481, ""115"": 0.6847728490829468, ""116"": 0.6847614049911499, ""117"": 0.6837627291679382, ""118"": 0.6803945302963257, ""119"": 0.6744997501373291, ""120"": 0.7060714364051819, ""121"": 0.7015829682350159, ""122"": 0.6963398456573486, ""123"": 0.6939581036567688, ""124"": 0.687727153301239, ""125"": 0.6896638870239258, ""126"": 0.6860984563827515, ""127"": 0.6826651096343994}"
4,89,0.7218561172485352,0.7218561172485352,0.6416202143300325,"{""0"": 0.6982943415641785, ""1"": 0.6882742047309875, ""2"": 0.684381365776062, ""3"": 0.6740895509719849, ""4"": 0.6707139015197754, ""5"": 0.666147768497467, ""6"": 0.6597622036933899, ""7"": 0.6659542918205261, ""8"": 0.6012626886367798, ""9"": 0.5738818645477295, ""10"": 0.5706104040145874, ""11"": 0.5549333095550537, ""12"": 0.5388079881668091, ""13"": 0.546149730682373, ""14"": 0.5371114611625671, ""15"": 0.5291949510574341, ""16"": 0.4566343128681183, ""17"": 0.45762357115745544, ""18"": 0.4575932025909424, ""19"": 0.455547571182251, ""20"": 0.4791623055934906, ""21"": 0.45945337414741516, ""22"": 0.46202412247657776, ""23"": 0.4845217168331146, ""24"": 0.6428928971290588, ""25"": 0.6368129849433899, ""26"": 0.625846803188324, ""27"": 0.6204813718795776, ""28"": 0.6099709272384644, ""29"": 0.6105854511260986, ""30"": 0.600074052810669, ""31"": 0.6143074035644531, ""32"": 0.7003393173217773, ""33"": 0.6914132833480835, ""34"": 0.6871823072433472, ""35"": 0.6795462965965271, ""36"": 0.6715606451034546, ""37"": 0.6680454015731812, ""38"": 0.6609491109848022, ""39"": 0.6700419783592224, ""40"": 0.7000225186347961, ""41"": 0.6896361112594604, ""42"": 0.6838279366493225, ""43"": 0.6765899658203125, ""44"": 0.6651423573493958, ""45"": 0.6782012581825256, ""46"": 0.6731420159339905, ""47"": 0.6608718037605286, ""48"": 0.7179461121559143, ""49"": 0.7214687466621399, ""50"": 0.7206004858016968, ""51"": 0.7170893549919128, ""52"": 0.7177576422691345, ""53"": 0.7159520387649536, ""54"": 0.721030056476593, ""55"": 0.718467652797699, ""56"": 0.7189440727233887, ""57"": 0.7124696969985962, ""58"": 0.715586245059967, ""59"": 0.7145035862922668, ""60"": 0.7119840383529663, ""61"": 0.7087341547012329, ""62"": 0.708893358707428, ""63"": 0.7071232199668884, ""64"": 0.7049498558044434, ""65"": 0.6990919709205627, ""66"": 0.690908670425415, ""67"": 0.6824885606765747, ""68"": 0.6792915463447571, ""69"": 0.671700656414032, ""70"": 0.6704071164131165, ""71"": 0.6686093807220459, ""72"": 0.6549534201622009, ""73"": 0.6304552555084229, ""74"": 0.6264471411705017, ""75"": 0.6243122220039368, ""76"": 0.6122761368751526, ""77"": 0.6032806634902954, ""78"": 0.6080235838890076, ""79"": 0.5903324484825134, ""80"": 0.6632981300354004, ""81"": 0.6613569259643555, ""82"": 0.6549922823905945, ""83"": 0.645652711391449, ""84"": 0.6496747136116028, ""85"": 0.6496811509132385, ""86"": 0.6449904441833496, ""87"": 0.6497727632522583, ""88"": 0.7175238132476807, ""89"": 0.7218561172485352, ""90"": 0.720039427280426, ""91"": 0.7193900346755981, ""92"": 0.7213872075080872, ""93"": 0.7189496159553528, ""94"": 0.7180190086364746, ""95"": 0.7199423909187317, ""96"": 0.7182265520095825, ""97"": 0.6577616930007935, ""98"": 0.7170608639717102, ""99"": 0.7116289138793945, ""100"": 0.7068518400192261, ""101"": 0.706768274307251, ""102"": 0.7015956044197083, ""103"": 0.7000682353973389, ""104"": 0.6611521244049072, ""105"": 0.6454004645347595, ""106"": 0.6405119895935059, ""107"": 0.6324461698532104, ""108"": 0.6247975826263428, ""109"": 0.616718053817749, ""110"": 0.6101924777030945, ""111"": 0.6088155508041382, ""112"": 0.5851703882217407, ""113"": 0.56731778383255, ""114"": 0.5498008728027344, ""115"": 0.5310527086257935, ""116"": 0.5152580142021179, ""117"": 0.5026092529296875, ""118"": 0.48450717329978943, ""119"": 0.49809086322784424, ""120"": 0.6453281044960022, ""121"": 0.6400092840194702, ""122"": 0.6323703527450562, ""123"": 0.6217907667160034, ""124"": 0.6169013977050781, ""125"": 0.6185210347175598, ""126"": 0.6204908490180969, ""127"": 0.6059519648551941}"
5,95,0.6906636357307434,0.6906636357307434,0.4761399511820059,"{""0"": 0.6272942423820496, ""1"": 0.5853091478347778, ""2"": 0.5590304732322693, ""3"": 0.5146216750144958, ""4"": 0.5015561580657959, ""5"": 0.48025062680244446, ""6"": 0.4569161534309387, ""7"": 0.4464874863624573, ""8"": 0.4684232473373413, ""9"": 0.4195764660835266, ""10"": 0.3945388197898865, ""11"": 0.3345406651496887, ""12"": 0.25953570008277893, ""13"": 0.26273873448371887, ""14"": 0.23852400481700897, ""15"": 0.2522791922092438, ""16"": 0.006851011887192726, ""17"": 0.00639208173379302, ""18"": 0.00173193437512964, ""19"": 0.011634867638349533, ""20"": 0.005815031006932259, ""21"": 0.00694276811555028, ""22"": 0.005368032492697239, ""23"": -3.8312362448778003e-05, ""24"": 0.5032023787498474, ""25"": 0.440017968416214, ""26"": 0.39622437953948975, ""27"": 0.3261190354824066, ""28"": 0.265117883682251, ""29"": 0.3074322044849396, ""30"": 0.23290468752384186, ""31"": 0.3306867182254791, ""32"": 0.6126726269721985, ""33"": 0.5954277515411377, ""34"": 0.5754573941230774, ""35"": 0.5547848343849182, ""36"": 0.5398530960083008, ""37"": 0.530170202255249, ""38"": 0.5060181617736816, ""39"": 0.5149248242378235, ""40"": 0.5820784568786621, ""41"": 0.5740501880645752, ""42"": 0.5702698826789856, ""43"": 0.5688440203666687, ""44"": 0.5679436922073364, ""45"": 0.5862340331077576, ""46"": 0.5761048793792725, ""47"": 0.5704919695854187, ""48"": 0.6855562925338745, ""49"": 0.6858296990394592, ""50"": 0.6840651035308838, ""51"": 0.69053053855896, ""52"": 0.6882877945899963, ""53"": 0.683868408203125, ""54"": 0.6888839602470398, ""55"": 0.6889204978942871, ""56"": 0.6875814199447632, ""57"": 0.6806232333183289, ""58"": 0.6826462149620056, ""59"": 0.6790838837623596, ""60"": 0.675377368927002, ""61"": 0.6684743165969849, ""62"": 0.6682308316230774, ""63"": 0.6744419932365417, ""64"": 0.6572328805923462, ""65"": 0.6344314813613892, ""66"": 0.6220982670783997, ""67"": 0.6022435426712036, ""68"": 0.5845773220062256, ""69"": 0.5703567266464233, ""70"": 0.546650767326355, ""71"": 0.564285397529602, ""72"": 0.4790826737880707, ""73"": 0.43579959869384766, ""74"": 0.38047823309898376, ""75"": 0.34510815143585205, ""76"": 0.2701822817325592, ""77"": 0.19354070723056793, ""78"": 0.1984592080116272, ""79"": 0.15995024144649506, ""80"": 0.5711876749992371, ""81"": 0.571166455745697, ""82"": 0.5676202774047852, ""83"": 0.5679752230644226, ""84"": 0.5671147108078003, ""85"": 0.5690130591392517, ""86"": 0.5703195333480835, ""87"": 0.560918390750885, ""88"": 0.6842507123947144, ""89"": 0.6854344606399536, ""90"": 0.6843054890632629, ""91"": 0.6876332759857178, ""92"": 0.6885345578193665, ""93"": 0.6878045201301575, ""94"": 0.6865641474723816, ""95"": 0.6906636357307434, ""96"": 0.6835670471191406, ""97"": 0.6118939518928528, ""98"": 0.6875353455543518, ""99"": 0.6802207231521606, ""100"": 0.6737063527107239, ""101"": 0.6734996438026428, ""102"": 0.6625142693519592, ""103"": 0.6678363680839539, ""104"": 0.5940554738044739, ""105"": 0.5747265219688416, ""106"": 0.5621165037155151, ""107"": 0.5480181574821472, ""108"": 0.5287320017814636, ""109"": 0.5075571537017822, ""110"": 0.489215224981308, ""111"": 0.4960111677646637, ""112"": 0.035209447145462036, ""113"": 0.0198943093419075, ""114"": 0.006916993763297796, ""115"": 0.0017495716456323862, ""116"": 0.003358763875439763, ""117"": 0.010515700094401836, ""118"": 0.0016081709181889892, ""119"": 0.006288568023592234, ""120"": 0.5676854252815247, ""121"": 0.5764610171318054, ""122"": 0.5664361119270325, ""123"": 0.5519532561302185, ""124"": 0.5358936786651611, ""125"": 0.5200734734535217, ""126"": 0.5153074264526367, ""127"": 0.5146192908287048}"
6,51,0.6479142308235168,0.6479142308235168,0.3020023556931264,"{""0"": 0.2007521390914917, ""1"": 0.13569855690002441, ""2"": 0.08740439265966415, ""3"": 0.10701140016317368, ""4"": 0.16999927163124084, ""5"": 0.15249639749526978, ""6"": 0.1563422679901123, ""7"": 0.17185328900814056, ""8"": 0.018168045207858086, ""9"": 0.0034305674489587545, ""10"": 0.0014734470751136541, ""11"": -9.623145160730928e-05, ""12"": 1.7208933059009723e-05, ""13"": 0.001124497503042221, ""14"": -0.00014293902495410293, ""15"": 0.003095554420724511, ""16"": -5.1895331125706434e-05, ""17"": 0.0006559136672876775, ""18"": -0.00017387690604664385, ""19"": 2.4126871721819043e-05, ""20"": 9.802856220630929e-05, ""21"": -0.00010672569624148309, ""22"": 0.0001901458454085514, ""23"": 9.034974937094375e-05, ""24"": 0.1455734372138977, ""25"": 0.04851934313774109, ""26"": 0.05667562782764435, ""27"": 0.12647992372512817, ""28"": 0.029655370861291885, ""29"": 0.01296490803360939, ""30"": 0.010615237057209015, ""31"": 0.03417818993330002, ""32"": 0.4684770405292511, ""33"": 0.4255223572254181, ""34"": 0.38104701042175293, ""35"": 0.3227434456348419, ""36"": 0.25755342841148376, ""37"": 0.2552478611469269, ""38"": 0.21917518973350525, ""39"": 0.21359321475028992, ""40"": 0.4194020926952362, ""41"": 0.41708457469940186, ""42"": 0.4208243787288666, ""43"": 0.4295043349266052, ""44"": 0.42521122097969055, ""45"": 0.41208598017692566, ""46"": 0.41850438714027405, ""47"": 0.4247402250766754, ""48"": 0.6457444429397583, ""49"": 0.6434895396232605, ""50"": 0.6450217366218567, ""51"": 0.6479142308235168, ""52"": 0.6473754048347473, ""53"": 0.6450163125991821, ""54"": 0.6470581889152527, ""55"": 0.6422058343887329, ""56"": 0.6399872303009033, ""57"": 0.6375972628593445, ""58"": 0.6358079314231873, ""59"": 0.6319918036460876, ""60"": 0.621411919593811, ""61"": 0.6137190461158752, ""62"": 0.6091901063919067, ""63"": 0.5984313488006592, ""64"": 0.5140725374221802, ""65"": 0.4422003924846649, ""66"": 0.40274447202682495, ""67"": 0.2960256338119507, ""68"": 0.25807976722717285, ""69"": 0.3071516752243042, ""70"": 0.21125681698322296, ""71"": 0.33774709701538086, ""72"": 0.018123483285307884, ""73"": 0.00870175939053297, ""74"": 0.0024757375940680504, ""75"": -0.0001694891252554953, ""76"": -4.059241837239824e-05, ""77"": 0.00043998140608891845, ""78"": -0.00014407909475266933, ""79"": 0.00021043969900347292, ""80"": 0.42160478234291077, ""81"": 0.4336189031600952, ""82"": 0.42231041193008423, ""83"": 0.41706815361976624, ""84"": 0.41700878739356995, ""85"": 0.41963687539100647, ""86"": 0.42606616020202637, ""87"": 0.41942933201789856, ""88"": 0.6457799673080444, ""89"": 0.6383399367332458, ""90"": 0.6323298811912537, ""91"": 0.6282312870025635, ""92"": 0.6254869103431702, ""93"": 0.6144646406173706, ""94"": 0.6175972819328308, ""95"": 0.6100806593894958, ""96"": 0.6425619721412659, ""97"": 0.5683646202087402, ""98"": 0.6400794982910156, ""99"": 0.62802654504776, ""100"": 0.6216436624526978, ""101"": 0.6106476783752441, ""102"": 0.6059961915016174, ""103"": 0.5956602692604065, ""104"": 0.4773239195346832, ""105"": 0.4180193245410919, ""106"": 0.38658249378204346, ""107"": 0.3279692232608795, ""108"": 0.23053166270256042, ""109"": 0.1992877870798111, ""110"": 0.1221650168299675, ""111"": 0.21921372413635254, ""112"": 9.054295514943078e-05, ""113"": -0.00011767263640649617, ""114"": -9.314338240073994e-05, ""115"": 0.0002611867093946785, ""116"": -3.991696939920075e-05, ""117"": 0.0004323090543039143, ""118"": 1.1042499863833655e-05, ""119"": 0.00013505967217497528, ""120"": 0.4199683666229248, ""121"": 0.4233168363571167, ""122"": 0.37717166543006897, ""123"": 0.34749680757522583, ""124"": 0.2653445303440094, ""125"": 0.21412219107151031, ""126"": 0.18502892553806305, ""127"": 0.2044745534658432}"
7,96,0.5780743360519409,0.5780743360519409,0.12751172866317262,"{""0"": 0.0007986949640326202, ""1"": 0.002791488077491522, ""2"": -0.00018437490507494658, ""3"": -0.00018877387628890574, ""4"": -0.00026607149629853666, ""5"": -0.0001409926771884784, ""6"": -2.1430656488519162e-05, ""7"": 4.338970029493794e-05, ""8"": -0.0001122879475587979, ""9"": -0.00012591805716510862, ""10"": -8.193975372705609e-05, ""11"": 0.00010949216084554791, ""12"": -0.00018849247135221958, ""13"": 4.638105383492075e-05, ""14"": -7.887853280408308e-05, ""15"": -0.00017573029617778957, ""16"": -0.00011745769734261557, ""17"": -0.00015581693151034415, ""18"": -3.4004206099780276e-05, ""19"": -0.00022046842786949128, ""20"": -0.0001400722685502842, ""21"": -0.00015719610382802784, ""22"": 0.00014822723460383713, ""23"": -0.0001590003230376169, ""24"": 0.00020903740369249135, ""25"": 6.915686390129849e-05, ""26"": 0.00021674270101357251, ""27"": -0.00017757530440576375, ""28"": -0.0001909630955196917, ""29"": -5.464286732603796e-05, ""30"": 0.00030191196128726006, ""31"": -7.393014675471932e-05, ""32"": 0.01889755204319954, ""33"": 0.004530751146376133, ""34"": -4.027485192636959e-05, ""35"": 0.0006328840390779078, ""36"": 0.0006194234592840075, ""37"": 0.004793816711753607, ""38"": 0.0007860471960157156, ""39"": -0.00018820834520738572, ""40"": 0.006016381084918976, ""41"": 0.0031648511067032814, ""42"": 0.006008879281580448, ""43"": 0.002385922009125352, ""44"": 0.0047379229217767715, ""45"": 0.004321014974266291, ""46"": 0.0020935088396072388, ""47"": 0.0016834953567013144, ""48"": 0.5719643831253052, ""49"": 0.576765239238739, ""50"": 0.559889554977417, ""51"": 0.5452648997306824, ""52"": 0.5320327877998352, ""53"": 0.5140097737312317, ""54"": 0.5022024512290955, ""55"": 0.47818511724472046, ""56"": 0.576684296131134, ""57"": 0.566821277141571, ""58"": 0.5604052543640137, ""59"": 0.5507687330245972, ""60"": 0.5326232314109802, ""61"": 0.5175775289535522, ""62"": 0.4984510838985443, ""63"": 0.4877612292766571, ""64"": 0.13644543290138245, ""65"": 0.056139830499887466, ""66"": 0.0644226223230362, ""67"": 0.07475821673870087, ""68"": 0.057519763708114624, ""69"": 0.020443124696612358, ""70"": 0.011258302256464958, ""71"": 0.04086019843816757, ""72"": -4.0960680053103715e-05, ""73"": 5.55883798369905e-06, ""74"": 5.4816107876831666e-05, ""75"": -4.218310095893685e-06, ""76"": 9.251561277778819e-05, ""77"": -0.0002548728953115642, ""78"": 1.0781645869428758e-05, ""79"": 0.0005131473299115896, ""80"": 0.0038954901974648237, ""81"": 0.004899345338344574, ""82"": 0.007979796268045902, ""83"": 0.005438531283289194, ""84"": 0.008300011977553368, ""85"": 0.001436844584532082, ""86"": 0.004277238622307777, ""87"": 0.0006799249676987529, ""88"": 0.5146843791007996, ""89"": 0.4819987416267395, ""90"": 0.4214271903038025, ""91"": 0.31459471583366394, ""92"": 0.3250788152217865, ""93"": 0.3024669289588928, ""94"": 0.2943369448184967, ""95"": 0.31306082010269165, ""96"": 0.5780743360519409, ""97"": 0.49758321046829224, ""98"": 0.5594809055328369, ""99"": 0.5476349592208862, ""100"": 0.5298646092414856, ""101"": 0.5175513625144958, ""102"": 0.4948025345802307, ""103"": 0.4645771384239197, ""104"": 0.017596596851944923, ""105"": -0.000163569682626985, ""106"": -0.00012390596384648234, ""107"": -0.00015824490401428193, ""108"": -2.664400926732924e-05, ""109"": 0.00032655129325576127, ""110"": 0.000105074024759233, ""111"": -0.00015447924670297652, ""112"": 6.040786684025079e-05, ""113"": 6.922401371411979e-05, ""114"": -5.550490095629357e-05, ""115"": 3.362358984304592e-05, ""116"": -0.00014615029795095325, ""117"": 0.00017825915711000562, ""118"": -0.00017728956299833953, ""119"": -0.00015447050100192428, ""120"": 0.010322039015591145, ""121"": 0.003353846026584506, ""122"": 0.0004453623841982335, ""123"": -5.6921398936538026e-05, ""124"": -5.952028732281178e-05, ""125"": 0.0004221750714350492, ""126"": 1.1323845683364198e-05, ""127"": -3.486028072074987e-05}"
8,57,0.4543914198875427,0.4543914198875427,0.0587486496395222,"{""0"": -0.00021574091806542128, ""1"": -0.00011717760207829997, ""2"": 0.0001017075264826417, ""3"": 6.707119609927759e-05, ""4"": 0.0002819427754729986, ""5"": 5.278887692838907e-05, ""6"": -9.415694512426853e-05, ""7"": 0.00010226023005088791, ""8"": 2.4973327526822686e-05, ""9"": -8.8583241449669e-05, ""10"": 0.0001835702423704788, ""11"": -0.00015677791088819504, ""12"": -0.00017283782653976232, ""13"": -0.0001533491158625111, ""14"": 0.00010481903882464394, ""15"": 8.4371589764487e-05, ""16"": -3.360900154802948e-05, ""17"": -0.0001432370481779799, ""18"": 0.00018146623915527016, ""19"": 0.0002067967434413731, ""20"": 6.343076529446989e-05, ""21"": -0.0001827669912017882, ""22"": -0.00017439198563806713, ""23"": -0.00026973968488164246, ""24"": 1.028144311021606e-06, ""25"": -0.00017350201960653067, ""26"": -0.00013844108616467565, ""27"": -8.589924982516095e-05, ""28"": -5.921646879869513e-05, ""29"": -0.00018976780120283365, ""30"": -5.589341981249163e-06, ""31"": 0.0002387152926530689, ""32"": 0.00019361269369255751, ""33"": -0.00017302235937677324, ""34"": 0.0005608127685263753, ""35"": -0.00014683122572023422, ""36"": -0.00016426463844254613, ""37"": 6.0689413658110425e-05, ""38"": 4.610615360434167e-05, ""39"": -0.00019796047126874328, ""40"": 0.0003435597463976592, ""41"": -8.369339775526896e-05, ""42"": -0.0001702232111711055, ""43"": 0.0003957691078539938, ""44"": 0.0004726046172436327, ""45"": 0.0002841574605554342, ""46"": -0.00010951558215310797, ""47"": -0.00013822023174725473, ""48"": 0.41819608211517334, ""49"": 0.41674238443374634, ""50"": 0.38580837845802307, ""51"": 0.3181544840335846, ""52"": 0.2522755265235901, ""53"": 0.1751803457736969, ""54"": 0.1616491973400116, ""55"": 0.1352696567773819, ""56"": 0.42211678624153137, ""57"": 0.4543914198875427, ""58"": 0.3717808723449707, ""59"": 0.32868245244026184, ""60"": 0.2695046067237854, ""61"": 0.20864218473434448, ""62"": 0.19048723578453064, ""63"": 0.1731632798910141, ""64"": 0.00048797522322274745, ""65"": -0.00011557276593521237, ""66"": -0.00011432109022280201, ""67"": 0.00023754108406137675, ""68"": -0.00013699621194973588, ""69"": -2.6921416065306403e-05, ""70"": -3.506742723402567e-05, ""71"": -0.00017466992721892893, ""72"": -0.00011422426905483007, ""73"": 2.6018118660431355e-05, ""74"": 8.116902608890086e-05, ""75"": -0.00021608218958135694, ""76"": -6.719713564962149e-05, ""77"": -9.104375203605741e-05, ""78"": 0.0004258172120898962, ""79"": -6.849029159639031e-05, ""80"": 0.00010118420323124155, ""81"": -0.00021065640612505376, ""82"": -5.973455336061306e-05, ""83"": -0.00011284661013633013, ""84"": 0.00018626639212016016, ""85"": -1.4256781469157431e-05, ""86"": -1.586467078595888e-05, ""87"": -0.0002664285129867494, ""88"": 0.03701412305235863, ""89"": 0.032781220972537994, ""90"": 0.03231088072061539, ""91"": 0.0470455028116703, ""92"": 0.11303059011697769, ""93"": 0.09475641697645187, ""94"": 0.11378896236419678, ""95"": 0.15505781769752502, ""96"": 0.42026007175445557, ""97"": 0.4059302508831024, ""98"": 0.3891438841819763, ""99"": 0.34534752368927, ""100"": 0.26119759678840637, ""101"": 0.108176589012146, ""102"": 0.1360270231962204, ""103"": 0.1447525918483734, ""104"": 0.00041289624641649425, ""105"": 0.00014742914936505258, ""106"": 0.00028239371022209525, ""107"": 0.0002727069368120283, ""108"": 0.00042657036101445556, ""109"": 0.0001041626965161413, ""110"": -0.0002579586871434003, ""111"": 1.7001151491058408e-06, ""112"": -2.0687431970145553e-05, ""113"": -0.0002704996441025287, ""114"": -0.00013817955914419144, ""115"": 0.0002159826981369406, ""116"": -0.00014874973567202687, ""117"": -0.00025891533005051315, ""118"": 1.555429116706364e-05, ""119"": -0.0001930016587721184, ""120"": 1.3884675354347564e-05, ""121"": -0.0001934765459736809, ""122"": 0.000460476876469329, ""123"": 0.0006039315485395491, ""124"": 1.6603922631475143e-05, ""125"": -0.00012021441216347739, ""126"": -8.472518675262108e-05, ""127"": -0.000246006587985903}"
9,97,0.24943898618221283,0.24943898618221283,0.002135837709594468,"{""0"": -0.00014348044351208955, ""1"": -5.657445944962092e-05, ""2"": -0.00012895071995444596, ""3"": -0.00017065372958313674, ""4"": -0.0001570669119246304, ""5"": 0.00010776962881209329, ""6"": -0.0001528007269371301, ""7"": 7.312223897315562e-05, ""8"": 0.0001372605183860287, ""9"": 0.00019815871200989932, ""10"": -0.00012946708011440933, ""11"": 6.447279884014279e-05, ""12"": 2.6544559659669176e-05, ""13"": -0.00013194582425057888, ""14"": -2.1076295524835587e-05, ""15"": 6.067415597499348e-05, ""16"": 0.0004019913321826607, ""17"": 9.962193871615455e-05, ""18"": 4.772786996909417e-05, ""19"": 3.4311629860894755e-05, ""20"": -0.0001375081337755546, ""21"": -0.0002049323811661452, ""22"": -4.123968392377719e-05, ""23"": 1.535013689135667e-05, ""24"": -0.0001669233024585992, ""25"": -0.00014670503151137382, ""26"": -0.0001531449961476028, ""27"": 0.00015985935169737786, ""28"": -9.182572102872655e-05, ""29"": -0.00014187335909809917, ""30"": -0.00019292219076305628, ""31"": 2.7151805625180714e-05, ""32"": -4.7567427827743813e-05, ""33"": -3.933954212698154e-05, ""34"": 4.0425282350042835e-05, ""35"": -0.00022476773301605135, ""36"": 0.0001356025313725695, ""37"": 0.0013004951179027557, ""38"": -0.0002363979583606124, ""39"": 7.492690929211676e-05, ""40"": -0.00021898650447838008, ""41"": -0.00022001314209774137, ""42"": 0.0005977168912068009, ""43"": -0.00020425835100468248, ""44"": 1.1758166692743544e-05, ""45"": -0.0002303704241057858, ""46"": 0.0003293048939667642, ""47"": 0.000864531728439033, ""48"": 0.0010198061354458332, ""49"": 0.0005923014832660556, ""50"": -0.00015551879187114537, ""51"": -3.745295907719992e-05, ""52"": 0.0003446286136750132, ""53"": -4.758179056807421e-05, ""54"": -6.335193029372022e-05, ""55"": -0.0002670915855560452, ""56"": 0.00013121361553203315, ""57"": 0.021256182342767715, ""58"": -0.00019792761304415762, ""59"": -6.061955718905665e-05, ""60"": -0.00019348626665305346, ""61"": -0.00027318039792589843, ""62"": -2.810296427924186e-05, ""63"": 0.0001680331479292363, ""64"": -0.0001236491953022778, ""65"": 0.00028310349443927407, ""66"": -7.436416490236297e-05, ""67"": -2.0911097919906751e-07, ""68"": -0.00018660978821571916, ""69"": 0.0001954088220372796, ""70"": 6.502986025225255e-07, ""71"": 5.225192217039876e-05, ""72"": 0.00025269805337302387, ""73"": 4.95981439598836e-05, ""74"": -0.00019176927162334323, ""75"": 0.00015140051255002618, ""76"": -0.00021188275422900915, ""77"": 0.0003866984916385263, ""78"": 0.00028426237986423075, ""79"": -0.00011652636749204248, ""80"": 0.00076747324783355, ""81"": -0.00012351127224974334, ""82"": 0.00042878661770373583, ""83"": 0.00012451523798517883, ""84"": -0.0001688015036052093, ""85"": 1.072919349098811e-05, ""86"": -0.00014618129353038967, ""87"": -2.1847339667147025e-05, ""88"": -2.7281648726784624e-05, ""89"": -0.00022215628996491432, ""90"": 0.0003128080570604652, ""91"": 0.00016711614443920553, ""92"": -4.6315824874909595e-05, ""93"": -0.00017898183432407677, ""94"": -3.7391720979940146e-05, ""95"": -0.00010432017006678507, ""96"": 0.00014482565165963024, ""97"": 0.24943898618221283, ""98"": 0.0007868210086598992, ""99"": -0.00022920231276657432, ""100"": 0.0002502625866327435, ""101"": -0.00015192283899523318, ""102"": -0.00022611493477597833, ""103"": -8.222133328672498e-05, ""104"": -0.00015166273806244135, ""105"": -0.0001334703410975635, ""106"": -7.903087680460885e-05, ""107"": -0.00011209276999579743, ""108"": 0.0002954623196274042, ""109"": 0.0004711355722974986, ""110"": -0.00011664636986097321, ""111"": -0.00021321297390386462, ""112"": -8.023289410630241e-05, ""113"": -0.00014061509864404798, ""114"": -0.00012468619388528168, ""115"": -0.00025694025680422783, ""116"": -0.00011413281026761979, ""117"": -0.00023424968821927905, ""118"": 0.00013491031131707132, ""119"": -0.0001510048605268821, ""120"": -3.9177131839096546e-05, ""121"": -0.0001902675867313519, ""122"": 1.4103818102739751e-05, ""123"": -0.000267168739810586, ""124"": -0.00021784781711176038, ""125"": 0.0004874771984759718, ""126"": -2.8678488888544962e-05, ""127"": 1.2282562238397077e-05}"
10,97,0.20944030582904816,0.20944030582904816,0.0016244863952756816,"{""0"": -5.4126787290442735e-05, ""1"": -0.00018961704336106777, ""2"": -0.00014250831736717373, ""3"": 0.0006561147747561336, ""4"": -0.00013308100460562855, ""5"": 0.00011433745385147631, ""6"": -1.2885820979136042e-05, ""7"": -0.0001902584481285885, ""8"": 2.857190338545479e-05, ""9"": 0.0001325311604887247, ""10"": -0.0001582617114763707, ""11"": -0.0001284825848415494, ""12"": -3.477732025203295e-05, ""13"": 0.00010284090240020305, ""14"": -0.0001315920817432925, ""15"": -0.00019546470139175653, ""16"": -0.00011990944040007889, ""17"": -0.00010547189594944939, ""18"": 4.49840554210823e-05, ""19"": 0.0003200774663127959, ""20"": -5.0997758080484346e-05, ""21"": 6.897535058669746e-05, ""22"": 0.0001622870477149263, ""23"": -0.0001382468908559531, ""24"": -0.00020107174350414425, ""25"": 5.204430999583565e-05, ""26"": -0.0001078359127859585, ""27"": 0.0006716470816172659, ""28"": -0.00015294596960302442, ""29"": 0.00010978578211506829, ""30"": -3.984022987424396e-05, ""31"": -0.0002015032951021567, ""32"": -9.094861889025196e-05, ""33"": 3.636341716628522e-05, ""34"": -0.00025573201128281653, ""35"": -0.00014522548008244485, ""36"": -0.00010650220065144822, ""37"": -0.00024496883270330727, ""38"": -0.00021441752323880792, ""39"": -0.00013871911505702883, ""40"": 0.0002131346263922751, ""41"": 5.44878130313009e-05, ""42"": -6.135096191428602e-05, ""43"": 0.0008830223232507706, ""44"": -0.00020202057203277946, ""45"": -3.317797109048115e-06, ""46"": 1.572709334141109e-05, ""47"": -0.00017483650299254805, ""48"": -0.00015644929953850806, ""49"": -0.00026963429991155863, ""50"": -6.580199260497466e-05, ""51"": 0.00017541792476549745, ""52"": -0.00010991029557771981, ""53"": -0.00021804957941640168, ""54"": 0.00026195228565484285, ""55"": -0.0002241806942038238, ""56"": -9.743665577843785e-05, ""57"": -0.00021461783035192639, ""58"": -0.00016525405226275325, ""59"": -0.00017701988690532744, ""60"": -0.0001954805920831859, ""61"": 0.00025857833679765463, ""62"": -0.00019435827562119812, ""63"": -0.0001517846540082246, ""64"": 3.362756615388207e-05, ""65"": -5.7031440519494936e-05, ""66"": -3.6079050005355384e-06, ""67"": -0.00010044810915132985, ""68"": 1.3573856449511368e-05, ""69"": 0.0002683440106920898, ""70"": -0.00019156074267812073, ""71"": -7.17453149263747e-05, ""72"": -0.00022465935035143048, ""73"": -6.845861935289577e-05, ""74"": 0.00014664126501884311, ""75"": -1.6435878933407366e-05, ""76"": 0.00017849447613116354, ""77"": -6.855373067082837e-05, ""78"": -5.6707169278524816e-05, ""79"": -0.00026743937633000314, ""80"": -0.0001835576113080606, ""81"": 0.0002919280668720603, ""82"": -0.00014855580229777843, ""83"": -6.525489152409136e-05, ""84"": 6.0236812714720145e-05, ""85"": -3.247084532631561e-05, ""86"": 2.4506271074642427e-05, ""87"": -4.959043963026488e-06, ""88"": -0.00015631690621376038, ""89"": 0.00035243286401964724, ""90"": 5.327767212293111e-06, ""91"": -0.00013793916150461882, ""92"": 0.00011342002107994631, ""93"": -2.8028976885252632e-05, ""94"": -7.64612341299653e-05, ""95"": 0.0002200412709498778, ""96"": 0.00017355356249026954, ""97"": 0.20944030582904816, ""98"": 0.00033317829365842044, ""99"": -0.00029589678160846233, ""100"": 1.0840296454261988e-05, ""101"": -0.000190992999705486, ""102"": -2.1471703803399578e-05, ""103"": 0.00018997724691871554, ""104"": 2.646236498549115e-05, ""105"": 0.0005280223558656871, ""106"": -9.643515659263358e-05, ""107"": -4.469043233257253e-06, ""108"": -0.00023257918655872345, ""109"": -2.4341112293768674e-05, ""110"": 8.326723764184862e-05, ""111"": -2.9427450499497354e-05, ""112"": 0.0002068507019430399, ""113"": -0.0002275783772347495, ""114"": 3.9042122807586566e-05, ""115"": -0.00018512175302021205, ""116"": -0.00015665106184314936, ""117"": -8.210700798372272e-06, ""118"": 0.0011089006438851357, ""119"": 0.0001745647023199126, ""120"": -9.974166459869593e-05, ""121"": -0.00013510209100786597, ""122"": 0.00035120092798024416, ""123"": -0.0002367136039538309, ""124"": -0.00019006004731636494, ""125"": -0.00011335177259752527, ""126"": -0.00017578019469510764, ""127"": -5.234955460764468e-05}"
11,97,0.17403869330883026,0.17403869330883026,0.0013598262183549537,"{""0"": -1.0554234904702753e-05, ""1"": -0.00017241502064280212, ""2"": 4.1042338125407696e-05, ""3"": -0.0001778610167093575, ""4"": -7.996638305485249e-05, ""5"": 0.0003447909839451313, ""6"": -0.000131699547637254, ""7"": -0.00010911159188253805, ""8"": -0.0001392225967720151, ""9"": 0.00024104973999783397, ""10"": -4.091749360668473e-05, ""11"": -0.00020888089784421027, ""12"": -2.7157735530636273e-05, ""13"": -0.00012474018149077892, ""14"": -0.00021939330326858908, ""15"": 4.573442492983304e-05, ""16"": 7.89856567280367e-05, ""17"": 0.0002689443062990904, ""18"": 0.0003978721215389669, ""19"": 0.00013805761409457773, ""20"": -8.668905138620175e-06, ""21"": -0.00010095941979670897, ""22"": -0.00016981226508505642, ""23"": -9.927006612997502e-05, ""24"": 0.000213543840800412, ""25"": -5.579773642239161e-05, ""26"": -4.1000508645083755e-05, ""27"": -0.00017899640079122037, ""28"": 0.00030712527222931385, ""29"": -0.0002654419804457575, ""30"": -0.00021761946845799685, ""31"": -0.00018658614135347307, ""32"": -0.00016363653412554413, ""33"": 2.1070247385068797e-05, ""34"": -0.00021599745377898216, ""35"": 5.1032995543209836e-05, ""36"": -0.00013450127153191715, ""37"": 8.000199886737391e-05, ""38"": -0.0001997200888581574, ""39"": -9.281786333303899e-05, ""40"": 0.0002014564088312909, ""41"": 0.0002436138893244788, ""42"": 0.0002334989985683933, ""43"": 7.648583414265886e-05, ""44"": 0.00036827378789894283, ""45"": -8.108418114716187e-05, ""46"": -4.552327300189063e-05, ""47"": -0.00026312688714824617, ""48"": -0.00012348494783509523, ""49"": 8.177707059076056e-05, ""50"": -0.0001617422531126067, ""51"": 0.0002395369519945234, ""52"": -0.00015691248700022697, ""53"": -0.00012760724348481745, ""54"": -0.00017485280113760382, ""55"": -0.0001762413594406098, ""56"": -5.921011688769795e-05, ""57"": 0.0003105749492533505, ""58"": -1.2051689736836124e-05, ""59"": -0.00011708365491358563, ""60"": -0.00019661888654809445, ""61"": -0.0001819499011617154, ""62"": 3.3885407901834697e-05, ""63"": -0.00012407501344569027, ""64"": 9.244101238436997e-05, ""65"": 5.6870048865675926e-05, ""66"": -7.550012378487736e-05, ""67"": -0.00023752868582960218, ""68"": 3.587939863791689e-05, ""69"": -0.00018484375323168933, ""70"": -0.00017942489648703486, ""71"": 3.04345248878235e-05, ""72"": 0.00048327178228646517, ""73"": 0.00014346188982017338, ""74"": 9.115235297940671e-05, ""75"": 6.185525853652507e-05, ""76"": -0.00011960144911427051, ""77"": 0.00016897030582185835, ""78"": 8.531038474757224e-05, ""79"": -0.00013610765745397657, ""80"": -7.669728074688464e-05, ""81"": -1.899573726404924e-05, ""82"": 0.00019674011855386198, ""83"": -0.0002620737941469997, ""84"": 0.00017913377087097615, ""85"": -0.00018835825903806835, ""86"": -8.644504123367369e-05, ""87"": -2.5879431632347405e-05, ""88"": -2.8215885322424583e-05, ""89"": 8.9150300482288e-05, ""90"": 0.00026753207203000784, ""91"": -0.00022544288367498666, ""92"": 0.00010286305041518062, ""93"": -0.00017414276953786612, ""94"": -0.0001092700258595869, ""95"": -1.7654132534516975e-05, ""96"": 0.0005369139253161848, ""97"": 0.17403869330883026, ""98"": 0.0001732210221234709, ""99"": 0.0002585873007774353, ""100"": 0.00011252748663537204, ""101"": -0.00025588320568203926, ""102"": 0.0002435641217743978, ""103"": 0.0003232913149986416, ""104"": -8.78951177583076e-05, ""105"": -0.00015006489411462098, ""106"": -0.0001379113964503631, ""107"": 0.00013867275265511125, ""108"": 0.0004598103987518698, ""109"": 0.00011799387721111998, ""110"": -0.0001655053929425776, ""111"": -9.570499969413504e-05, ""112"": -0.00016812483954709023, ""113"": 0.00024290943110827357, ""114"": -0.00019621608953457326, ""115"": 0.00023000439978204668, ""116"": -0.00020265686907805502, ""117"": 6.263949035201222e-05, ""118"": -0.0001428554387530312, ""119"": 6.287387077463791e-05, ""120"": -0.00010803512122947723, ""121"": 0.000170990897458978, ""122"": -0.00017818757623899728, ""123"": -0.0002513701329007745, ""124"": -0.00011793436715379357, ""125"": 0.0006878547137603164, ""126"": 0.00010619695240166038, ""127"": -3.357237437739968e-05}"
12,97,0.04726630076766014,0.04726630076766014,0.00038586292413000933,"{""0"": 8.36935723782517e-05, ""1"": 0.0003032828390132636, ""2"": -2.1994828784954734e-06, ""3"": -0.00023386446991935372, ""4"": 9.864444291451946e-05, ""5"": -1.2325108400546014e-06, ""6"": -0.00013423939526546746, ""7"": -9.725432755658403e-05, ""8"": -0.0002746495883911848, ""9"": -1.8877291950047947e-05, ""10"": 4.516356057138182e-05, ""11"": 0.0003723570262081921, ""12"": 4.610794348991476e-05, ""13"": -2.3931233954499476e-06, ""14"": 7.411143451463431e-05, ""15"": 8.511025043844711e-06, ""16"": -0.0001295647962251678, ""17"": -0.00014741235645487905, ""18"": -5.206109199207276e-05, ""19"": -0.00012838398106396198, ""20"": -5.358975977287628e-05, ""21"": -0.00015573840937577188, ""22"": 4.8858644731808454e-05, ""23"": 3.825995372608304e-05, ""24"": 3.738336090464145e-05, ""25"": -0.00019237662490922958, ""26"": -0.0002827785792760551, ""27"": 4.9149603000842035e-05, ""28"": -5.539133053389378e-05, ""29"": 0.00019603478722274303, ""30"": 0.00029992021154612303, ""31"": -0.00026012660237029195, ""32"": -0.00012582866474986076, ""33"": -0.00019184038683306426, ""34"": 0.0001739341241773218, ""35"": 0.00013149638834875077, ""36"": 0.0002035487414104864, ""37"": 0.0005259164026938379, ""38"": 2.6675043045543134e-05, ""39"": 0.00022764112509321421, ""40"": -5.3024818043923005e-05, ""41"": 0.0002600624575279653, ""42"": -8.172164962161332e-05, ""43"": 2.620069972181227e-05, ""44"": -0.0002041961852228269, ""45"": 0.00022604675905313343, ""46"": -0.00014983948494773358, ""47"": -2.03915114980191e-05, ""48"": -0.0001108832802856341, ""49"": -0.0002358345518587157, ""50"": 0.00020251903333701193, ""51"": 6.430463690776378e-05, ""52"": -7.329492655117065e-05, ""53"": -0.00018873925728257746, ""54"": -8.698279270902276e-05, ""55"": 0.00037145940586924553, ""56"": -9.226624388247728e-05, ""57"": -0.00012466673797462136, ""58"": 1.6198706362047233e-05, ""59"": -0.0002207360084867105, ""60"": 0.0003455250698607415, ""61"": -7.955190085340291e-05, ""62"": -7.710723002674058e-05, ""63"": -0.00010789890075102448, ""64"": -0.00016825828060973436, ""65"": -0.00025009826640598476, ""66"": 0.0003037029237020761, ""67"": 4.8347024858230725e-05, ""68"": -9.70868204603903e-05, ""69"": 8.568991324864328e-05, ""70"": 0.00023552491620648652, ""71"": 0.0009505680063739419, ""72"": -0.00016184098785743117, ""73"": 0.0009410953498445451, ""74"": -0.00021465659665409476, ""75"": 0.00012699991930276155, ""76"": 0.00045801090891472995, ""77"": -0.00013641676923725754, ""78"": -0.0002067568275379017, ""79"": -7.560887024737895e-05, ""80"": -0.00020745785150211304, ""81"": -5.962825889582746e-05, ""82"": -0.00011411048035370186, ""83"": 7.478166662622243e-05, ""84"": 0.000326659093843773, ""85"": 0.00031031909747980535, ""86"": -7.886286766733974e-05, ""87"": -9.322965343017131e-05, ""88"": 0.00013502837100531906, ""89"": 0.00011436208296800032, ""90"": -0.00013504621165338904, ""91"": -0.00021956245473120362, ""92"": 0.0003204771492164582, ""93"": -1.9514859559421893e-06, ""94"": 0.00022922315110918134, ""95"": -6.709395529469475e-05, ""96"": -0.00015618657926097512, ""97"": 0.04726630076766014, ""98"": -6.242312520043924e-05, ""99"": -0.0001695016835583374, ""100"": -0.0002173784450860694, ""101"": -0.00021056621335446835, ""102"": 5.733382567996159e-05, ""103"": -0.0001701065484667197, ""104"": 0.0004173697088845074, ""105"": 0.00021701912919525057, ""106"": -0.0002516076492611319, ""107"": -0.00011682834883686155, ""108"": 0.00022285494196694344, ""109"": 3.507201836328022e-05, ""110"": 4.016485036117956e-05, ""111"": 3.518039011396468e-05, ""112"": 0.00021383323473855853, ""113"": 5.539265839615837e-05, ""114"": -0.0001936547487275675, ""115"": 0.000642736442387104, ""116"": 7.672006904613227e-05, ""117"": -0.00010972256859531626, ""118"": -2.0851170120295137e-05, ""119"": -0.00019925605738535523, ""120"": 0.000327990303048864, ""121"": -0.00018528666987549514, ""122"": -4.407387677929364e-05, ""123"": -0.00014916755026206374, ""124"": -0.0001692273945081979, ""125"": -0.00010743149323388934, ""126"": 1.9803166651399806e-05, ""127"": -0.0001332387764705345}"
