analysis_name,cipher,completed_at_utc,domain,estimator_job_hash,estimator_protocol_hash,estimator_study_id,k,result_csv_path,result_json_path,round,runner_seconds,seed,source_config_hash,source_study_id,status
projected_mmd,PRESENT-80,2026-07-28T10:01:26.146823+00:00,analysis,6b52cef27e09ef5aec53ba87d50df67af1a5549efb997b7377b0801137d9c53c,771e89cf815df46c8da5ad2ee77b8821252e3e42ae1a5eb861b2a9d4c267d94a,present80_projected_mmd_full,1,/mnt/d/rk-multipair-nd/signal_regimes/analysis_results/present80_projected_mmd_full/per_run/analysis/PRESENT-80/r6/k1/seed201/projected_mmd.csv,/mnt/d/rk-multipair-nd/signal_regimes/analysis_results/present80_projected_mmd_full/per_run/analysis/PRESENT-80/r6/k1/seed201/projected_mmd.json,6,1.002081,201,8cb4824302c994b87db5c07232328068c9b0cd7d803ea1c24e74782473f19762,present80_rkmp_controls_v1,completed
projected_mmd,PRESENT-80,2026-07-28T10:01:27.381177+00:00,analysis,99fec90d648436d4794ff09c1ab3e3e67e944e763dbbdabd045383ce36ec666c,771e89cf815df46c8da5ad2ee77b8821252e3e42ae1a5eb861b2a9d4c267d94a,present80_projected_mmd_full,1,/mnt/d/rk-multipair-nd/signal_regimes/analysis_results/present80_projected_mmd_full/per_run/analysis/PRESENT-80/r6/k1/seed202/projected_mmd.csv,/mnt/d/rk-multipair-nd/signal_regimes/analysis_results/present80_projected_mmd_full/per_run/analysis/PRESENT-80/r6/k1/seed202/projected_mmd.json,6,0.924493,202,00a64b799856d394cec1b56c8d793489b13e12e9f76c6f10e39ef76b38da034f,present80_rkmp_controls_v1,completed
projected_mmd,PRESENT-80,2026-07-28T10:01:28.355370+00:00,analysis,f334aff5668f65ab17466ce5f1f81f066dedd81640dfaeb7f217db25d29fbc70,771e89cf815df46c8da5ad2ee77b8821252e3e42ae1a5eb861b2a9d4c267d94a,present80_projected_mmd_full,1,/mnt/d/rk-multipair-nd/signal_regimes/analysis_results/present80_projected_mmd_full/per_run/analysis/PRESENT-80/r6/k1/seed203/projected_mmd.csv,/mnt/d/rk-multipair-nd/signal_regimes/analysis_results/present80_projected_mmd_full/per_run/analysis/PRESENT-80/r6/k1/seed203/projected_mmd.json,6,0.797474,203,92f767740d0108e64499e79933a5b49a000b0db14e83faa4d9d329586fb7b1a1,present80_rkmp_controls_v1,completed
projected_mmd,PRESENT-80,2026-07-28T10:01:29.378501+00:00,analysis,c81ffd018b1f6d4c916866501b1aea8f3866b9061045b52fd49a644258f92812,771e89cf815df46c8da5ad2ee77b8821252e3e42ae1a5eb861b2a9d4c267d94a,present80_projected_mmd_full,2,/mnt/d/rk-multipair-nd/signal_regimes/analysis_results/present80_projected_mmd_full/per_run/analysis/PRESENT-80/r6/k2/seed201/projected_mmd.csv,/mnt/d/rk-multipair-nd/signal_regimes/analysis_results/present80_projected_mmd_full/per_run/analysis/PRESENT-80/r6/k2/seed201/projected_mmd.json,6,0.788872,201,7cc1b49000737fa030df88a4c6798ab32b7908c7362aacccdfea70851971e9a3,present80_rkmp_controls_v1,completed
projected_mmd,PRESENT-80,2026-07-28T10:01:31.271885+00:00,analysis,05e55c202d424b88cd59664b70eb170237ae6107f9ffda590471c390f9b930f8,771e89cf815df46c8da5ad2ee77b8821252e3e42ae1a5eb861b2a9d4c267d94a,present80_projected_mmd_full,2,/mnt/d/rk-multipair-nd/signal_regimes/analysis_results/present80_projected_mmd_full/per_run/analysis/PRESENT-80/r6/k2/seed202/projected_mmd.csv,/mnt/d/rk-multipair-nd/signal_regimes/analysis_results/present80_projected_mmd_full/per_run/analysis/PRESENT-80/r6/k2/seed202/projected_mmd.json,6,1.675786,202,f3a452a03025a16037990388abcfba0c602613165502ba37500c3ab7a9c1af4b,present80_rkmp_controls_v1,completed
projected_mmd,PRESENT-80,2026-07-28T10:01:31.832062+00:00,analysis,a638ed496e468cc1de3c5c86ddb94123be585ca288e908737be3c7a950d4706e,771e89cf815df46c8da5ad2ee77b8821252e3e42ae1a5eb861b2a9d4c267d94a,present80_projected_mmd_full,2,/mnt/d/rk-multipair-nd/signal_regimes/analysis_results/present80_projected_mmd_full/per_run/analysis/PRESENT-80/r6/k2/seed203/projected_mmd.csv,/mnt/d/rk-multipair-nd/signal_regimes/analysis_results/present80_projected_mmd_full/per_run/analysis/PRESENT-80/r6/k2/seed203/projected_mmd.json,6,0.391656,203,01a70c40a70e877a23d777d4f03b07dbe0fd9d4fb3959569e50857933a94a736,present80_rkmp_controls_v1,completed
projected_mmd,PRESENT-80,2026-07-28T10:01:35.312865+00:00,analysis,72bf97d863630247e09c3db2e37b6d0868a31e6e4ff60682f7f44f4399d597f9,771e89cf815df46c8da5ad2ee77b8821252e3e42ae1a5eb861b2a9d4c267d94a,present80_projected_mmd_full,4,/mnt/d/rk-multipair-nd/signal_regimes/analysis_results/present80_projected_mmd_full/per_run/analysis/PRESENT-80/r6/k4/seed201/projected_mmd.csv,/mnt/d/rk-multipair-nd/signal_regimes/analysis_results/present80_projected_mmd_full/per_run/analysis/PRESENT-80/r6/k4/seed201/projected_mmd.json,6,3.322656,201,d21ee05d9faf61be93e003a6023061db962d47b8adb788936f88bbf27e01e119,present80_rkmp_controls_v1,completed
projected_mmd,PRESENT-80,2026-07-28T10:01:37.131952+00:00,analysis,dbb4fedf8afa5ad81487f45e73bb203e2b6a77d5e4a5fcaf8468648cc2bbae0e,771e89cf815df46c8da5ad2ee77b8821252e3e42ae1a5eb861b2a9d4c267d94a,present80_projected_mmd_full,4,/mnt/d/rk-multipair-nd/signal_regimes/analysis_results/present80_projected_mmd_full/per_run/analysis/PRESENT-80/r6/k4/seed202/projected_mmd.csv,/mnt/d/rk-multipair-nd/signal_regimes/analysis_results/present80_projected_mmd_full/per_run/analysis/PRESENT-80/r6/k4/seed202/projected_mmd.json,6,1.540319,202,176936495d8cb6d936225d0477ab8cc64cde3c2031b11df715706548fae91b42,present80_rkmp_controls_v1,completed
projected_mmd,PRESENT-80,2026-07-28T10:01:40.222070+00:00,analysis,12c7f21126186998e7fc0b2323ef6e64f8d4fdffa415bb8b38fce609609ea148,771e89cf815df46c8da5ad2ee77b8821252e3e42ae1a5eb861b2a9d4c267d94a,present80_projected_mmd_full,4,/mnt/d/rk-multipair-nd/signal_regimes/analysis_results/present80_projected_mmd_full/per_run/analysis/PRESENT-80/r6/k4/seed203/projected_mmd.csv,/mnt/d/rk-multipair-nd/signal_regimes/analysis_results/present80_projected_mmd_full/per_run/analysis/PRESENT-80/r6/k4/seed203/projected_mmd.json,6,2.908908,203,75d5125dca8eb8bbe6e8c3281ea16521393aaaa162012a7d65d643564c37f918,present80_rkmp_controls_v1,completed
projected_mmd,PRESENT-80,2026-07-28T10:01:43.211375+00:00,analysis,36805e82fc4653579f81f8173db1195b077ba12a26f7fb99796bd5df36daa927,771e89cf815df46c8da5ad2ee77b8821252e3e42ae1a5eb861b2a9d4c267d94a,present80_projected_mmd_full,8,/mnt/d/rk-multipair-nd/signal_regimes/analysis_results/present80_projected_mmd_full/per_run/analysis/PRESENT-80/r6/k8/seed201/projected_mmd.csv,/mnt/d/rk-multipair-nd/signal_regimes/analysis_results/present80_projected_mmd_full/per_run/analysis/PRESENT-80/r6/k8/seed201/projected_mmd.json,6,2.72518,201,ce39e565e3d1100b348c02972a3ce2c74573803add08b37e391b4222f931db88,present80_rkmp_controls_v1,completed
projected_mmd,PRESENT-80,2026-07-28T10:01:46.493838+00:00,analysis,31c92dc873d335d09359fc99aefe60db6534d19092fdfd866c9b0c33d77979ed,771e89cf815df46c8da5ad2ee77b8821252e3e42ae1a5eb861b2a9d4c267d94a,present80_projected_mmd_full,8,/mnt/d/rk-multipair-nd/signal_regimes/analysis_results/present80_projected_mmd_full/per_run/analysis/PRESENT-80/r6/k8/seed202/projected_mmd.csv,/mnt/d/rk-multipair-nd/signal_regimes/analysis_results/present80_projected_mmd_full/per_run/analysis/PRESENT-80/r6/k8/seed202/projected_mmd.json,6,3.090208,202,551bd1506501a570fa3f0808dc0707abec7d807353fbeb822707152ec9b8a6fd,present80_rkmp_controls_v1,completed
projected_mmd,PRESENT-80,2026-07-28T10:01:49.342214+00:00,analysis,459e2948b522eb9e9e9e88dd681d77780482923fe4523b2b71cb4d1a3c66ddfa,771e89cf815df46c8da5ad2ee77b8821252e3e42ae1a5eb861b2a9d4c267d94a,present80_projected_mmd_full,8,/mnt/d/rk-multipair-nd/signal_regimes/analysis_results/present80_projected_mmd_full/per_run/analysis/PRESENT-80/r6/k8/seed203/projected_mmd.csv,/mnt/d/rk-multipair-nd/signal_regimes/analysis_results/present80_projected_mmd_full/per_run/analysis/PRESENT-80/r6/k8/seed203/projected_mmd.json,6,2.667795,203,d6fbef02411b37d5f2ea2a7d319b62140069ee5b238c440475a4ddd99af4d888,present80_rkmp_controls_v1,completed
projected_mmd,PRESENT-80,2026-07-28T10:01:54.796110+00:00,analysis,e42acd105d4cf826271b88989780d1e8703324214390a197e2eba1cc158ca8dd,771e89cf815df46c8da5ad2ee77b8821252e3e42ae1a5eb861b2a9d4c267d94a,present80_projected_mmd_full,16,/mnt/d/rk-multipair-nd/signal_regimes/analysis_results/present80_projected_mmd_full/per_run/analysis/PRESENT-80/r6/k16/seed201/projected_mmd.csv,/mnt/d/rk-multipair-nd/signal_regimes/analysis_results/present80_projected_mmd_full/per_run/analysis/PRESENT-80/r6/k16/seed201/projected_mmd.json,6,2.337611,201,6d4c044615e80cf7c077db931f0d647c4f6a531fa2bac76ecdcb77ccbe5ab28e,present80_rkmp_controls_v1,completed
projected_mmd,PRESENT-80,2026-07-28T10:01:59.806454+00:00,analysis,de2b57da817a740b9125bb96ff9703b8a8e8e3796c1c0911ede5bf3c85a83ffc,771e89cf815df46c8da5ad2ee77b8821252e3e42ae1a5eb861b2a9d4c267d94a,present80_projected_mmd_full,16,/mnt/d/rk-multipair-nd/signal_regimes/analysis_results/present80_projected_mmd_full/per_run/analysis/PRESENT-80/r6/k16/seed202/projected_mmd.csv,/mnt/d/rk-multipair-nd/signal_regimes/analysis_results/present80_projected_mmd_full/per_run/analysis/PRESENT-80/r6/k16/seed202/projected_mmd.json,6,4.868066,202,51701db906eeabeb14e16c80e78914b2d8054f3c9c31b92feb9f8a5b1adf5faf,present80_rkmp_controls_v1,completed
projected_mmd,PRESENT-80,2026-07-28T10:02:03.790103+00:00,analysis,2a1f09d4a4e81d2e1bfdd0f11b0eb31457445e42d9dc58582ae374eb98381ae4,771e89cf815df46c8da5ad2ee77b8821252e3e42ae1a5eb861b2a9d4c267d94a,present80_projected_mmd_full,16,/mnt/d/rk-multipair-nd/signal_regimes/analysis_results/present80_projected_mmd_full/per_run/analysis/PRESENT-80/r6/k16/seed203/projected_mmd.csv,/mnt/d/rk-multipair-nd/signal_regimes/analysis_results/present80_projected_mmd_full/per_run/analysis/PRESENT-80/r6/k16/seed203/projected_mmd.json,6,3.794392,203,bb82116cc1176b410fa7b04f1667cb2be7ff2a989d8c876611eca0ca392d810d,present80_rkmp_controls_v1,completed
projected_mmd,PRESENT-80,2026-07-28T10:02:09.583888+00:00,analysis,956b9afe5ea713d176e979c5c24df53f9de81ff0d773d627cf6e84bad4269806,771e89cf815df46c8da5ad2ee77b8821252e3e42ae1a5eb861b2a9d4c267d94a,present80_projected_mmd_full,32,/mnt/d/rk-multipair-nd/signal_regimes/analysis_results/present80_projected_mmd_full/per_run/analysis/PRESENT-80/r6/k32/seed201/projected_mmd.csv,/mnt/d/rk-multipair-nd/signal_regimes/analysis_results/present80_projected_mmd_full/per_run/analysis/PRESENT-80/r6/k32/seed201/projected_mmd.json,6,5.550208,201,225244e2039aec793e7217cdcbd3c688221ab4c89846195f5decadfd36c6b343,present80_rkmp_controls_v1,completed
projected_mmd,PRESENT-80,2026-07-28T10:02:17.741552+00:00,analysis,5978d92c88ad58d21fd32b07826a8d0797271786f271ef86ade1a6d21b71936b,771e89cf815df46c8da5ad2ee77b8821252e3e42ae1a5eb861b2a9d4c267d94a,present80_projected_mmd_full,32,/mnt/d/rk-multipair-nd/signal_regimes/analysis_results/present80_projected_mmd_full/per_run/analysis/PRESENT-80/r6/k32/seed202/projected_mmd.csv,/mnt/d/rk-multipair-nd/signal_regimes/analysis_results/present80_projected_mmd_full/per_run/analysis/PRESENT-80/r6/k32/seed202/projected_mmd.json,6,8.014263,202,44a4ce17646f7263690ebdd008181c7dd8234e16c55149a5c54aa2f196715687,present80_rkmp_controls_v1,completed
projected_mmd,PRESENT-80,2026-07-28T10:02:24.318234+00:00,analysis,be946703271e9e235673faf5a85e850d2179c8f734d73e70f56e7e7723218d3e,771e89cf815df46c8da5ad2ee77b8821252e3e42ae1a5eb861b2a9d4c267d94a,present80_projected_mmd_full,32,/mnt/d/rk-multipair-nd/signal_regimes/analysis_results/present80_projected_mmd_full/per_run/analysis/PRESENT-80/r6/k32/seed203/projected_mmd.csv,/mnt/d/rk-multipair-nd/signal_regimes/analysis_results/present80_projected_mmd_full/per_run/analysis/PRESENT-80/r6/k32/seed203/projected_mmd.json,6,6.317823,203,5ca8b463904b38effbec6a40989d7559fe9be5649d915d618203f3c892590115,present80_rkmp_controls_v1,completed
projected_mmd,PRESENT-80,2026-07-28T10:02:25.619204+00:00,analysis,6d1002de91dfbf3356ce2e3313ff29a6059b9511307b61b87429a27e3b685dc5,771e89cf815df46c8da5ad2ee77b8821252e3e42ae1a5eb861b2a9d4c267d94a,present80_projected_mmd_full,1,/mnt/d/rk-multipair-nd/signal_regimes/analysis_results/present80_projected_mmd_full/per_run/analysis/PRESENT-80/r7/k1/seed201/projected_mmd.csv,/mnt/d/rk-multipair-nd/signal_regimes/analysis_results/present80_projected_mmd_full/per_run/analysis/PRESENT-80/r7/k1/seed201/projected_mmd.json,7,0.902112,201,8278c55475734ba1d252af08a97f3cfa67eceb20b1209694b2eb0ca225fc4b41,present80_rkmp_controls_v1,completed
projected_mmd,PRESENT-80,2026-07-28T10:02:29.385924+00:00,analysis,a0ea2fc18ff500caad77141c41db473fbd38b9f74cad537b55c987f586cc8eeb,771e89cf815df46c8da5ad2ee77b8821252e3e42ae1a5eb861b2a9d4c267d94a,present80_projected_mmd_full,1,/mnt/d/rk-multipair-nd/signal_regimes/analysis_results/present80_projected_mmd_full/per_run/analysis/PRESENT-80/r7/k1/seed202/projected_mmd.csv,/mnt/d/rk-multipair-nd/signal_regimes/analysis_results/present80_projected_mmd_full/per_run/analysis/PRESENT-80/r7/k1/seed202/projected_mmd.json,7,0.559266,202,5bb8ec5327e0c37037196d62771de2bcccd285e7ff279838bff95ab432372c6a,present80_rkmp_controls_v1,completed
projected_mmd,PRESENT-80,2026-07-28T10:02:30.132523+00:00,analysis,c4306b61a1ecb30dd930b3f90253f76ee7a9a943c06735d701c2cd2622104431,771e89cf815df46c8da5ad2ee77b8821252e3e42ae1a5eb861b2a9d4c267d94a,present80_projected_mmd_full,1,/mnt/d/rk-multipair-nd/signal_regimes/analysis_results/present80_projected_mmd_full/per_run/analysis/PRESENT-80/r7/k1/seed203/projected_mmd.csv,/mnt/d/rk-multipair-nd/signal_regimes/analysis_results/present80_projected_mmd_full/per_run/analysis/PRESENT-80/r7/k1/seed203/projected_mmd.json,7,0.431586,203,dea6aa649e58b5792c06bf6d885740b11653a3b40a37bb0a01140ea8ce0fc232,present80_rkmp_controls_v1,completed
projected_mmd,PRESENT-80,2026-07-28T10:02:33.003776+00:00,analysis,7e99f004109abacc1b194acc1e57ece1eb32692ee5779a50b4ad4156fa335375,771e89cf815df46c8da5ad2ee77b8821252e3e42ae1a5eb861b2a9d4c267d94a,present80_projected_mmd_full,2,/mnt/d/rk-multipair-nd/signal_regimes/analysis_results/present80_projected_mmd_full/per_run/analysis/PRESENT-80/r7/k2/seed201/projected_mmd.csv,/mnt/d/rk-multipair-nd/signal_regimes/analysis_results/present80_projected_mmd_full/per_run/analysis/PRESENT-80/r7/k2/seed201/projected_mmd.json,7,2.602491,201,11fea500de79b2be7228fa55ca45c19f06c76f43b2bcc9f8b963cab6060c9d6a,present80_rkmp_controls_v1,completed
projected_mmd,PRESENT-80,2026-07-28T10:02:33.964547+00:00,analysis,94e822e61930dde19f30087ca53bded45750821d1e33a247d3188d307ef28f45,771e89cf815df46c8da5ad2ee77b8821252e3e42ae1a5eb861b2a9d4c267d94a,present80_projected_mmd_full,2,/mnt/d/rk-multipair-nd/signal_regimes/analysis_results/present80_projected_mmd_full/per_run/analysis/PRESENT-80/r7/k2/seed202/projected_mmd.csv,/mnt/d/rk-multipair-nd/signal_regimes/analysis_results/present80_projected_mmd_full/per_run/analysis/PRESENT-80/r7/k2/seed202/projected_mmd.json,7,0.755528,202,fcbc90940d1d44b27dd62d91ea8267129baa031540a572d6e452f0e552d3c59c,present80_rkmp_controls_v1,completed
projected_mmd,PRESENT-80,2026-07-28T10:02:34.750188+00:00,analysis,8b956563b4253e24aaae4cef45df1f6fdd87cdbbf55f61ccd393a6951eaa03f2,771e89cf815df46c8da5ad2ee77b8821252e3e42ae1a5eb861b2a9d4c267d94a,present80_projected_mmd_full,2,/mnt/d/rk-multipair-nd/signal_regimes/analysis_results/present80_projected_mmd_full/per_run/analysis/PRESENT-80/r7/k2/seed203/projected_mmd.csv,/mnt/d/rk-multipair-nd/signal_regimes/analysis_results/present80_projected_mmd_full/per_run/analysis/PRESENT-80/r7/k2/seed203/projected_mmd.json,7,0.586539,203,8e03aa76654e54598c4eeaa463cc4a69dcb90d613fdd3ed507a7da4e412ec181,present80_rkmp_controls_v1,completed
projected_mmd,PRESENT-80,2026-07-28T10:02:36.321294+00:00,analysis,94d563a036b884e5416a84572b9fab40bfa59403eed98c1bc04bf45010234f07,771e89cf815df46c8da5ad2ee77b8821252e3e42ae1a5eb861b2a9d4c267d94a,present80_projected_mmd_full,4,/mnt/d/rk-multipair-nd/signal_regimes/analysis_results/present80_projected_mmd_full/per_run/analysis/PRESENT-80/r7/k4/seed201/projected_mmd.csv,/mnt/d/rk-multipair-nd/signal_regimes/analysis_results/present80_projected_mmd_full/per_run/analysis/PRESENT-80/r7/k4/seed201/projected_mmd.json,7,1.358285,201,d04318d0fbaccaafd2fe9e74f66fb302e967cd55dfa354404d45e9e0776f6e13,present80_rkmp_controls_v1,completed
projected_mmd,PRESENT-80,2026-07-28T10:02:43.112333+00:00,analysis,c172c6c532229031fba1af7d3c17c1348646c99a5ad7da4ce62837dc84fe426e,771e89cf815df46c8da5ad2ee77b8821252e3e42ae1a5eb861b2a9d4c267d94a,present80_projected_mmd_full,4,/mnt/d/rk-multipair-nd/signal_regimes/analysis_results/present80_projected_mmd_full/per_run/analysis/PRESENT-80/r7/k4/seed202/projected_mmd.csv,/mnt/d/rk-multipair-nd/signal_regimes/analysis_results/present80_projected_mmd_full/per_run/analysis/PRESENT-80/r7/k4/seed202/projected_mmd.json,7,6.576569,202,d9b784ed270ff9f16f532d52b7e79f301818b21ce175b78cac4c6115de8abd64,present80_rkmp_controls_v1,completed
projected_mmd,PRESENT-80,2026-07-28T10:02:46.114366+00:00,analysis,403c0ebb90f90e6e901583b9acbbc9119f6f00cf0efe133228fbc2901c22eb3f,771e89cf815df46c8da5ad2ee77b8821252e3e42ae1a5eb861b2a9d4c267d94a,present80_projected_mmd_full,4,/mnt/d/rk-multipair-nd/signal_regimes/analysis_results/present80_projected_mmd_full/per_run/analysis/PRESENT-80/r7/k4/seed203/projected_mmd.csv,/mnt/d/rk-multipair-nd/signal_regimes/analysis_results/present80_projected_mmd_full/per_run/analysis/PRESENT-80/r7/k4/seed203/projected_mmd.json,7,2.551946,203,7de63602cc2f119ff2f7cbec19532b990e1042c500e79b0351edf04db106955b,present80_rkmp_controls_v1,completed
projected_mmd,PRESENT-80,2026-07-28T10:02:50.087478+00:00,analysis,5315972d973e7872b29171e741bbd571678302ee0f67ba33d19b0d2109934cbb,771e89cf815df46c8da5ad2ee77b8821252e3e42ae1a5eb861b2a9d4c267d94a,present80_projected_mmd_full,8,/mnt/d/rk-multipair-nd/signal_regimes/analysis_results/present80_projected_mmd_full/per_run/analysis/PRESENT-80/r7/k8/seed201/projected_mmd.csv,/mnt/d/rk-multipair-nd/signal_regimes/analysis_results/present80_projected_mmd_full/per_run/analysis/PRESENT-80/r7/k8/seed201/projected_mmd.json,7,3.795846,201,ded20fc7245eb8b037e8b0cfd12eb1546ca9d73e2a8ad3991272b95622a757ab,present80_rkmp_controls_v1,completed
projected_mmd,PRESENT-80,2026-07-28T10:02:53.273075+00:00,analysis,af5588a43630c9c51a4c6327b004f4d28b47d8eaac9fd7f155721f51a861a374,771e89cf815df46c8da5ad2ee77b8821252e3e42ae1a5eb861b2a9d4c267d94a,present80_projected_mmd_full,8,/mnt/d/rk-multipair-nd/signal_regimes/analysis_results/present80_projected_mmd_full/per_run/analysis/PRESENT-80/r7/k8/seed202/projected_mmd.csv,/mnt/d/rk-multipair-nd/signal_regimes/analysis_results/present80_projected_mmd_full/per_run/analysis/PRESENT-80/r7/k8/seed202/projected_mmd.json,7,2.976914,202,20ae5ac04bcca2151293342c975ff0f1896162e772f75659b07f80ceceb38b32,present80_rkmp_controls_v1,completed
projected_mmd,PRESENT-80,2026-07-28T10:02:56.842721+00:00,analysis,ec14a25e2fe55f4aaf27dcffe19e411dcef607e756a5234d4310db8981aea5af,771e89cf815df46c8da5ad2ee77b8821252e3e42ae1a5eb861b2a9d4c267d94a,present80_projected_mmd_full,8,/mnt/d/rk-multipair-nd/signal_regimes/analysis_results/present80_projected_mmd_full/per_run/analysis/PRESENT-80/r7/k8/seed203/projected_mmd.csv,/mnt/d/rk-multipair-nd/signal_regimes/analysis_results/present80_projected_mmd_full/per_run/analysis/PRESENT-80/r7/k8/seed203/projected_mmd.json,7,3.370804,203,3c42aa08fecd6fd79ce6a008b5baa7653dccc4e9d3438fbd7db24040f4a45dcd,present80_rkmp_controls_v1,completed
projected_mmd,PRESENT-80,2026-07-28T10:03:04.407719+00:00,analysis,0895789bfc0923d4bd7b5209197bf0d1a48d80e64cc9839a596b3d1a6d3a100e,771e89cf815df46c8da5ad2ee77b8821252e3e42ae1a5eb861b2a9d4c267d94a,present80_projected_mmd_full,16,/mnt/d/rk-multipair-nd/signal_regimes/analysis_results/present80_projected_mmd_full/per_run/analysis/PRESENT-80/r7/k16/seed201/projected_mmd.csv,/mnt/d/rk-multipair-nd/signal_regimes/analysis_results/present80_projected_mmd_full/per_run/analysis/PRESENT-80/r7/k16/seed201/projected_mmd.json,7,4.437118,201,978ec81861d5e6c88aa6a72d803d04312d707751fac7a6ddf2fee1826f4ba8a4,present80_rkmp_controls_v1,completed
projected_mmd,PRESENT-80,2026-07-28T10:03:08.519812+00:00,analysis,3ed1f5fd0a3784b4e6c82d9440f32803ee332c2413fdd61ae212a23d1214c180,771e89cf815df46c8da5ad2ee77b8821252e3e42ae1a5eb861b2a9d4c267d94a,present80_projected_mmd_full,16,/mnt/d/rk-multipair-nd/signal_regimes/analysis_results/present80_projected_mmd_full/per_run/analysis/PRESENT-80/r7/k16/seed202/projected_mmd.csv,/mnt/d/rk-multipair-nd/signal_regimes/analysis_results/present80_projected_mmd_full/per_run/analysis/PRESENT-80/r7/k16/seed202/projected_mmd.json,7,3.922491,202,16fbc4097f168387790f33ab964e50a3438369b828d472fd17fa1177ec7b77be,present80_rkmp_controls_v1,completed
projected_mmd,PRESENT-80,2026-07-28T10:03:12.317363+00:00,analysis,b8cecc4fabfb1641285189aa910f6068983f45bdecc869c6cdd2945b1fe74b4b,771e89cf815df46c8da5ad2ee77b8821252e3e42ae1a5eb861b2a9d4c267d94a,present80_projected_mmd_full,16,/mnt/d/rk-multipair-nd/signal_regimes/analysis_results/present80_projected_mmd_full/per_run/analysis/PRESENT-80/r7/k16/seed203/projected_mmd.csv,/mnt/d/rk-multipair-nd/signal_regimes/analysis_results/present80_projected_mmd_full/per_run/analysis/PRESENT-80/r7/k16/seed203/projected_mmd.json,7,3.621812,203,cf7223573a7130958c377c262df44b8f050a0ed4ef9b45430210a59269d055aa,present80_rkmp_controls_v1,completed
projected_mmd,PRESENT-80,2026-07-28T10:03:19.316735+00:00,analysis,698bbb8bd802d1c7687e22366f7d0d7a709f477dd2166ea73d48705e8f4adf7a,771e89cf815df46c8da5ad2ee77b8821252e3e42ae1a5eb861b2a9d4c267d94a,present80_projected_mmd_full,32,/mnt/d/rk-multipair-nd/signal_regimes/analysis_results/present80_projected_mmd_full/per_run/analysis/PRESENT-80/r7/k32/seed201/projected_mmd.csv,/mnt/d/rk-multipair-nd/signal_regimes/analysis_results/present80_projected_mmd_full/per_run/analysis/PRESENT-80/r7/k32/seed201/projected_mmd.json,7,6.839785,201,1b8e2a780cbada711f05819f076ef2fad0bad3dec769691243e388004503033a,present80_rkmp_controls_v1,completed
projected_mmd,PRESENT-80,2026-07-28T10:03:26.071193+00:00,analysis,adb307d18ca8a64fe54e66eab6cf5856c6f24ac09785cf8b89026440cbbf54b0,771e89cf815df46c8da5ad2ee77b8821252e3e42ae1a5eb861b2a9d4c267d94a,present80_projected_mmd_full,32,/mnt/d/rk-multipair-nd/signal_regimes/analysis_results/present80_projected_mmd_full/per_run/analysis/PRESENT-80/r7/k32/seed202/projected_mmd.csv,/mnt/d/rk-multipair-nd/signal_regimes/analysis_results/present80_projected_mmd_full/per_run/analysis/PRESENT-80/r7/k32/seed202/projected_mmd.json,7,6.447663,202,6d2f653f1d6d2b1189739e88eb101f2bea31c4530dcfed6fb43bf752ac23f68d,present80_rkmp_controls_v1,completed
projected_mmd,PRESENT-80,2026-07-28T10:03:32.282268+00:00,analysis,18782e585640de436106d432e8a5b24e7bba6fafa3fdb51120706c0c8dd9de1e,771e89cf815df46c8da5ad2ee77b8821252e3e42ae1a5eb861b2a9d4c267d94a,present80_projected_mmd_full,32,/mnt/d/rk-multipair-nd/signal_regimes/analysis_results/present80_projected_mmd_full/per_run/analysis/PRESENT-80/r7/k32/seed203/projected_mmd.csv,/mnt/d/rk-multipair-nd/signal_regimes/analysis_results/present80_projected_mmd_full/per_run/analysis/PRESENT-80/r7/k32/seed203/projected_mmd.json,7,5.945422,203,a5717c6c34557e90f249972fee6786bb590a97e55966ce4b4b713871f59477d2,present80_rkmp_controls_v1,completed
projected_mmd,PRESENT-80,2026-07-28T10:03:33.048847+00:00,analysis,8b93b258d7801c4a1ba0ed8ee66aca9bbd4be1a3bf1036a6d84606b2b0379256,771e89cf815df46c8da5ad2ee77b8821252e3e42ae1a5eb861b2a9d4c267d94a,present80_projected_mmd_full,1,/mnt/d/rk-multipair-nd/signal_regimes/analysis_results/present80_projected_mmd_full/per_run/analysis/PRESENT-80/r8/k1/seed201/projected_mmd.csv,/mnt/d/rk-multipair-nd/signal_regimes/analysis_results/present80_projected_mmd_full/per_run/analysis/PRESENT-80/r8/k1/seed201/projected_mmd.json,8,0.544609,201,42f10a5d262c74591a42b8d36b620f73c8c0f21e36a9eab14a7997f396fc1e40,present80_rkmp_controls_v1,completed
projected_mmd,PRESENT-80,2026-07-28T10:03:33.882167+00:00,analysis,88061b57a41f68fd6193268d971175ff906cf059c22ec4963c70e8927ff58d29,771e89cf815df46c8da5ad2ee77b8821252e3e42ae1a5eb861b2a9d4c267d94a,present80_projected_mmd_full,1,/mnt/d/rk-multipair-nd/signal_regimes/analysis_results/present80_projected_mmd_full/per_run/analysis/PRESENT-80/r8/k1/seed202/projected_mmd.csv,/mnt/d/rk-multipair-nd/signal_regimes/analysis_results/present80_projected_mmd_full/per_run/analysis/PRESENT-80/r8/k1/seed202/projected_mmd.json,8,0.491858,202,b5b516235b417515b144e491d55905572c819471b0af9df7ee5f05a2d3eb24f5,present80_rkmp_controls_v1,completed
projected_mmd,PRESENT-80,2026-07-28T10:03:34.515122+00:00,analysis,16823268392a9477144121aaf8170c8cc9e9ae17019399f872477f2e7b51efb0,771e89cf815df46c8da5ad2ee77b8821252e3e42ae1a5eb861b2a9d4c267d94a,present80_projected_mmd_full,1,/mnt/d/rk-multipair-nd/signal_regimes/analysis_results/present80_projected_mmd_full/per_run/analysis/PRESENT-80/r8/k1/seed203/projected_mmd.csv,/mnt/d/rk-multipair-nd/signal_regimes/analysis_results/present80_projected_mmd_full/per_run/analysis/PRESENT-80/r8/k1/seed203/projected_mmd.json,8,0.47456,203,3c44df424135d2c9fa3085601be3a390eb0e1b5c16b9229b29d6bfd65d689f76,present80_rkmp_controls_v1,completed
projected_mmd,PRESENT-80,2026-07-28T10:03:36.081398+00:00,analysis,0f513eee73f55918b3079ca23c917f5ded7f14341dd594ee44ead5790bb38b5a,771e89cf815df46c8da5ad2ee77b8821252e3e42ae1a5eb861b2a9d4c267d94a,present80_projected_mmd_full,2,/mnt/d/rk-multipair-nd/signal_regimes/analysis_results/present80_projected_mmd_full/per_run/analysis/PRESENT-80/r8/k2/seed201/projected_mmd.csv,/mnt/d/rk-multipair-nd/signal_regimes/analysis_results/present80_projected_mmd_full/per_run/analysis/PRESENT-80/r8/k2/seed201/projected_mmd.json,8,1.377281,201,421dedccfbb804b968e2c2c6b1efc0b1e502d8cfe328588cac4d754f80eb8408,present80_rkmp_controls_v1,completed
projected_mmd,PRESENT-80,2026-07-28T10:03:40.956548+00:00,analysis,1a97aa35d492f128642d8b99f36355e3aabf7e763ff330f21122b5ec9719eac0,771e89cf815df46c8da5ad2ee77b8821252e3e42ae1a5eb861b2a9d4c267d94a,present80_projected_mmd_full,2,/mnt/d/rk-multipair-nd/signal_regimes/analysis_results/present80_projected_mmd_full/per_run/analysis/PRESENT-80/r8/k2/seed202/projected_mmd.csv,/mnt/d/rk-multipair-nd/signal_regimes/analysis_results/present80_projected_mmd_full/per_run/analysis/PRESENT-80/r8/k2/seed202/projected_mmd.json,8,1.646107,202,df79f6a8a4d84e6a3a7d3fa46305e3864db9e06edfc18af04577fd58f7d07f91,present80_rkmp_controls_v1,completed
projected_mmd,PRESENT-80,2026-07-28T10:03:41.939921+00:00,analysis,67a22e1c2dbda4db13d03b05d5277e9485e393308711e6dd59723c7cf077112a,771e89cf815df46c8da5ad2ee77b8821252e3e42ae1a5eb861b2a9d4c267d94a,present80_projected_mmd_full,2,/mnt/d/rk-multipair-nd/signal_regimes/analysis_results/present80_projected_mmd_full/per_run/analysis/PRESENT-80/r8/k2/seed203/projected_mmd.csv,/mnt/d/rk-multipair-nd/signal_regimes/analysis_results/present80_projected_mmd_full/per_run/analysis/PRESENT-80/r8/k2/seed203/projected_mmd.json,8,0.787757,203,7787daaa1c2ffc2fa80f5ecf37f79804d771cdd34c0e62ef30e88a6f50186ddf,present80_rkmp_controls_v1,completed
projected_mmd,PRESENT-80,2026-07-28T10:03:45.031453+00:00,analysis,28b42567801a1a1b4dc243e8db24b495684c45e82d19d641c7415e90318c124a,771e89cf815df46c8da5ad2ee77b8821252e3e42ae1a5eb861b2a9d4c267d94a,present80_projected_mmd_full,4,/mnt/d/rk-multipair-nd/signal_regimes/analysis_results/present80_projected_mmd_full/per_run/analysis/PRESENT-80/r8/k4/seed201/projected_mmd.csv,/mnt/d/rk-multipair-nd/signal_regimes/analysis_results/present80_projected_mmd_full/per_run/analysis/PRESENT-80/r8/k4/seed201/projected_mmd.json,8,2.817131,201,043d77f92f9b43bf687e48c4e3927cf0a385e0c889f8ceb76bc94f2f94cd1b58,present80_rkmp_controls_v1,completed
projected_mmd,PRESENT-80,2026-07-28T10:03:47.065630+00:00,analysis,0bead40c0000615fe9ad1f640dfc8627898a7068a5100419ca106a5a88afda95,771e89cf815df46c8da5ad2ee77b8821252e3e42ae1a5eb861b2a9d4c267d94a,present80_projected_mmd_full,4,/mnt/d/rk-multipair-nd/signal_regimes/analysis_results/present80_projected_mmd_full/per_run/analysis/PRESENT-80/r8/k4/seed202/projected_mmd.csv,/mnt/d/rk-multipair-nd/signal_regimes/analysis_results/present80_projected_mmd_full/per_run/analysis/PRESENT-80/r8/k4/seed202/projected_mmd.json,8,1.821918,202,9db2b268819e0bf09b59656969fd8024bfa020767a58b995885b4da0c4127c61,present80_rkmp_controls_v1,completed
projected_mmd,PRESENT-80,2026-07-28T10:03:48.268235+00:00,analysis,4102dc11531f370b2ce4d743a0af6cfaec2a380ca5d29035df70513368ce0575,771e89cf815df46c8da5ad2ee77b8821252e3e42ae1a5eb861b2a9d4c267d94a,present80_projected_mmd_full,4,/mnt/d/rk-multipair-nd/signal_regimes/analysis_results/present80_projected_mmd_full/per_run/analysis/PRESENT-80/r8/k4/seed203/projected_mmd.csv,/mnt/d/rk-multipair-nd/signal_regimes/analysis_results/present80_projected_mmd_full/per_run/analysis/PRESENT-80/r8/k4/seed203/projected_mmd.json,8,1.09782,203,d13e0b835a0751cf938cda531693cc2f8d6428dc10f7bc996ae7f5297288d2b9,present80_rkmp_controls_v1,completed
projected_mmd,PRESENT-80,2026-07-28T10:03:51.549232+00:00,analysis,2eae4af7a2da7be46829398aefb2f56abebc227b2b474f87d7f985b4462e9c5f,771e89cf815df46c8da5ad2ee77b8821252e3e42ae1a5eb861b2a9d4c267d94a,present80_projected_mmd_full,8,/mnt/d/rk-multipair-nd/signal_regimes/analysis_results/present80_projected_mmd_full/per_run/analysis/PRESENT-80/r8/k8/seed201/projected_mmd.csv,/mnt/d/rk-multipair-nd/signal_regimes/analysis_results/present80_projected_mmd_full/per_run/analysis/PRESENT-80/r8/k8/seed201/projected_mmd.json,8,3.077736,201,ef39b9ed0d82681797ff84b00a0b239f2269413979cf68efc85905c34ae5393c,present80_rkmp_controls_v1,completed
projected_mmd,PRESENT-80,2026-07-28T10:03:54.285163+00:00,analysis,b8f5ff5a6ee0e7b3d718e30ef1434001fd50800f0236ddbf63acba37a56c0e41,771e89cf815df46c8da5ad2ee77b8821252e3e42ae1a5eb861b2a9d4c267d94a,present80_projected_mmd_full,8,/mnt/d/rk-multipair-nd/signal_regimes/analysis_results/present80_projected_mmd_full/per_run/analysis/PRESENT-80/r8/k8/seed202/projected_mmd.csv,/mnt/d/rk-multipair-nd/signal_regimes/analysis_results/present80_projected_mmd_full/per_run/analysis/PRESENT-80/r8/k8/seed202/projected_mmd.json,8,2.511728,202,7f8448c89a6dba77d8e91125cdcb20b3f201829811067b0f2786a3d08bbe8196,present80_rkmp_controls_v1,completed
projected_mmd,PRESENT-80,2026-07-28T10:03:57.861612+00:00,analysis,c27b78a0db405036fff89f8d7c52a4e49695835158664ae4240d4048912dac6e,771e89cf815df46c8da5ad2ee77b8821252e3e42ae1a5eb861b2a9d4c267d94a,present80_projected_mmd_full,8,/mnt/d/rk-multipair-nd/signal_regimes/analysis_results/present80_projected_mmd_full/per_run/analysis/PRESENT-80/r8/k8/seed203/projected_mmd.csv,/mnt/d/rk-multipair-nd/signal_regimes/analysis_results/present80_projected_mmd_full/per_run/analysis/PRESENT-80/r8/k8/seed203/projected_mmd.json,8,3.391009,203,a064eef058ebbdd0c3829fd9bd20525f730f22d3b1c939bf1071854dddeeb981,present80_rkmp_controls_v1,completed
projected_mmd,PRESENT-80,2026-07-28T10:04:01.984237+00:00,analysis,9163bb449bb6d0b6b06ff0f51df3fb274d78d7a6b6a69963fd8403f17e2b518b,771e89cf815df46c8da5ad2ee77b8821252e3e42ae1a5eb861b2a9d4c267d94a,present80_projected_mmd_full,16,/mnt/d/rk-multipair-nd/signal_regimes/analysis_results/present80_projected_mmd_full/per_run/analysis/PRESENT-80/r8/k16/seed201/projected_mmd.csv,/mnt/d/rk-multipair-nd/signal_regimes/analysis_results/present80_projected_mmd_full/per_run/analysis/PRESENT-80/r8/k16/seed201/projected_mmd.json,8,3.985348,201,51231667276b9bf24aa174d7bc5e4fc55bbf50581c51840b67609ee1241d3520,present80_rkmp_controls_v1,completed
projected_mmd,PRESENT-80,2026-07-28T10:04:06.102729+00:00,analysis,580dbb3cc4d8928186cae4c8623268022dc567d8620750872b01a20d9fd59284,771e89cf815df46c8da5ad2ee77b8821252e3e42ae1a5eb861b2a9d4c267d94a,present80_projected_mmd_full,16,/mnt/d/rk-multipair-nd/signal_regimes/analysis_results/present80_projected_mmd_full/per_run/analysis/PRESENT-80/r8/k16/seed202/projected_mmd.csv,/mnt/d/rk-multipair-nd/signal_regimes/analysis_results/present80_projected_mmd_full/per_run/analysis/PRESENT-80/r8/k16/seed202/projected_mmd.json,8,3.912459,202,4a773b1bfd6ffffb861e0d81d7130c039757b0aeb807e2157262117838c09426,present80_rkmp_controls_v1,completed
projected_mmd,PRESENT-80,2026-07-28T10:04:10.456819+00:00,analysis,968ab67f049f6505bd41afd5fe00e69282f40c9bdbadbada02abb55f42cec7d4,771e89cf815df46c8da5ad2ee77b8821252e3e42ae1a5eb861b2a9d4c267d94a,present80_projected_mmd_full,16,/mnt/d/rk-multipair-nd/signal_regimes/analysis_results/present80_projected_mmd_full/per_run/analysis/PRESENT-80/r8/k16/seed203/projected_mmd.csv,/mnt/d/rk-multipair-nd/signal_regimes/analysis_results/present80_projected_mmd_full/per_run/analysis/PRESENT-80/r8/k16/seed203/projected_mmd.json,8,4.189326,203,29ab8f3d0554d4164feb919b9ac4eb4d76e2ff64e8b845b66d35e01c1849d87e,present80_rkmp_controls_v1,completed
projected_mmd,PRESENT-80,2026-07-28T10:04:20.489279+00:00,analysis,561c2e9d26eda75389c4b7cba5529003270bfc8f2a447a60a328a8ee9ab1d3c1,771e89cf815df46c8da5ad2ee77b8821252e3e42ae1a5eb861b2a9d4c267d94a,present80_projected_mmd_full,32,/mnt/d/rk-multipair-nd/signal_regimes/analysis_results/present80_projected_mmd_full/per_run/analysis/PRESENT-80/r8/k32/seed201/projected_mmd.csv,/mnt/d/rk-multipair-nd/signal_regimes/analysis_results/present80_projected_mmd_full/per_run/analysis/PRESENT-80/r8/k32/seed201/projected_mmd.json,8,6.960148,201,18865bee202c1628763d25e73f0b7a58319d7c01180100ec8370e284f6748cfd,present80_rkmp_controls_v1,completed
projected_mmd,PRESENT-80,2026-07-28T10:04:28.051855+00:00,analysis,5a519fd4c9038a69d92cfca58037d545007eb1eebf788240b516c360a2c9dbee,771e89cf815df46c8da5ad2ee77b8821252e3e42ae1a5eb861b2a9d4c267d94a,present80_projected_mmd_full,32,/mnt/d/rk-multipair-nd/signal_regimes/analysis_results/present80_projected_mmd_full/per_run/analysis/PRESENT-80/r8/k32/seed202/projected_mmd.csv,/mnt/d/rk-multipair-nd/signal_regimes/analysis_results/present80_projected_mmd_full/per_run/analysis/PRESENT-80/r8/k32/seed202/projected_mmd.json,8,7.360717,202,557723898a5379a2abb857f862f769246de585e7fc6ef54838194888dfcaabdb,present80_rkmp_controls_v1,completed
projected_mmd,PRESENT-80,2026-07-28T10:04:34.725673+00:00,analysis,06ec78fdd69177b3c7b2d68afeb4e83e74e5e6d5b9adb6a03d99f28e58b11140,771e89cf815df46c8da5ad2ee77b8821252e3e42ae1a5eb861b2a9d4c267d94a,present80_projected_mmd_full,32,/mnt/d/rk-multipair-nd/signal_regimes/analysis_results/present80_projected_mmd_full/per_run/analysis/PRESENT-80/r8/k32/seed203/projected_mmd.csv,/mnt/d/rk-multipair-nd/signal_regimes/analysis_results/present80_projected_mmd_full/per_run/analysis/PRESENT-80/r8/k32/seed203/projected_mmd.json,8,6.473073,203,2385f211c3d7268915524bc99b2d9d9bd6148b609faf770e9bd12cc3e9a7a9cf,present80_rkmp_controls_v1,completed
projected_mmd,PRESENT-80,2026-07-28T10:04:35.390686+00:00,analysis,6a4af541639796909347969d67cb6810d686631da77899f734977ef2b5ad97fc,771e89cf815df46c8da5ad2ee77b8821252e3e42ae1a5eb861b2a9d4c267d94a,present80_projected_mmd_full,1,/mnt/d/rk-multipair-nd/signal_regimes/analysis_results/present80_projected_mmd_full/per_run/analysis/PRESENT-80/r9/k1/seed201/projected_mmd.csv,/mnt/d/rk-multipair-nd/signal_regimes/analysis_results/present80_projected_mmd_full/per_run/analysis/PRESENT-80/r9/k1/seed201/projected_mmd.json,9,0.459736,201,a8473de5e9498182e82d6fb74726b162c571dbb3fdba41dff9ac9bf948ca99ee,present80_rkmp_controls_v1,completed
projected_mmd,PRESENT-80,2026-07-28T10:04:36.703373+00:00,analysis,23aad4d4ae41ce3db3dc5a10371f26a7bf5bd4d59c824d052967533e0c64c93b,771e89cf815df46c8da5ad2ee77b8821252e3e42ae1a5eb861b2a9d4c267d94a,present80_projected_mmd_full,1,/mnt/d/rk-multipair-nd/signal_regimes/analysis_results/present80_projected_mmd_full/per_run/analysis/PRESENT-80/r9/k1/seed202/projected_mmd.csv,/mnt/d/rk-multipair-nd/signal_regimes/analysis_results/present80_projected_mmd_full/per_run/analysis/PRESENT-80/r9/k1/seed202/projected_mmd.json,9,0.971974,202,1fe370e4db5b9b3dfa1ce71186c36bf355b5d390dfb46377436adca86eb988cc,present80_rkmp_controls_v1,completed
projected_mmd,PRESENT-80,2026-07-28T10:04:37.294898+00:00,analysis,c03d2c07183048a3ba2843f87b86b2b9f352bdb13aaced4a9f370267f16bf18c,771e89cf815df46c8da5ad2ee77b8821252e3e42ae1a5eb861b2a9d4c267d94a,present80_projected_mmd_full,1,/mnt/d/rk-multipair-nd/signal_regimes/analysis_results/present80_projected_mmd_full/per_run/analysis/PRESENT-80/r9/k1/seed203/projected_mmd.csv,/mnt/d/rk-multipair-nd/signal_regimes/analysis_results/present80_projected_mmd_full/per_run/analysis/PRESENT-80/r9/k1/seed203/projected_mmd.json,9,0.340128,203,9f8589dbbe6a162d89efb4b6551d10fd4d87b7ec4609d2128210dcfc4f7a112f,present80_rkmp_controls_v1,completed
projected_mmd,PRESENT-80,2026-07-28T10:04:37.987890+00:00,analysis,542223d95eb3d4a93a432e36237e343a0a35081daf60eb04419756bf810d3e92,771e89cf815df46c8da5ad2ee77b8821252e3e42ae1a5eb861b2a9d4c267d94a,present80_projected_mmd_full,2,/mnt/d/rk-multipair-nd/signal_regimes/analysis_results/present80_projected_mmd_full/per_run/analysis/PRESENT-80/r9/k2/seed201/projected_mmd.csv,/mnt/d/rk-multipair-nd/signal_regimes/analysis_results/present80_projected_mmd_full/per_run/analysis/PRESENT-80/r9/k2/seed201/projected_mmd.json,9,0.52846,201,b38ae895a6239db0e238018a52f0b189b6060e0583eb660a90bc842d5d842dd7,present80_rkmp_controls_v1,completed
projected_mmd,PRESENT-80,2026-07-28T10:04:39.849349+00:00,analysis,fbd8a1635f2fe83b1f43b7edc5b17bccb4a6c0bca7e1bc85e3692949f37d7eae,771e89cf815df46c8da5ad2ee77b8821252e3e42ae1a5eb861b2a9d4c267d94a,present80_projected_mmd_full,2,/mnt/d/rk-multipair-nd/signal_regimes/analysis_results/present80_projected_mmd_full/per_run/analysis/PRESENT-80/r9/k2/seed202/projected_mmd.csv,/mnt/d/rk-multipair-nd/signal_regimes/analysis_results/present80_projected_mmd_full/per_run/analysis/PRESENT-80/r9/k2/seed202/projected_mmd.json,9,1.592018,202,76bdc4c511ba00a35040ecc3f9567c0586fce9719b5d1b6264646545e5917ddf,present80_rkmp_controls_v1,completed
projected_mmd,PRESENT-80,2026-07-28T10:04:40.693204+00:00,analysis,0d8b46ce00bf356332fd679469470890203496d5adba483cb6c7a272be938eaa,771e89cf815df46c8da5ad2ee77b8821252e3e42ae1a5eb861b2a9d4c267d94a,present80_projected_mmd_full,2,/mnt/d/rk-multipair-nd/signal_regimes/analysis_results/present80_projected_mmd_full/per_run/analysis/PRESENT-80/r9/k2/seed203/projected_mmd.csv,/mnt/d/rk-multipair-nd/signal_regimes/analysis_results/present80_projected_mmd_full/per_run/analysis/PRESENT-80/r9/k2/seed203/projected_mmd.json,9,0.730489,203,a9707996f911f092d888421e3dc55ba75d74525f5ad730269b403fbae07713eb,present80_rkmp_controls_v1,completed
projected_mmd,PRESENT-80,2026-07-28T10:04:43.338443+00:00,analysis,920e9edcf679ef2c1f567e92de1fe8b48aef7cf12ef38b771dada47827ef77fc,771e89cf815df46c8da5ad2ee77b8821252e3e42ae1a5eb861b2a9d4c267d94a,present80_projected_mmd_full,4,/mnt/d/rk-multipair-nd/signal_regimes/analysis_results/present80_projected_mmd_full/per_run/analysis/PRESENT-80/r9/k4/seed201/projected_mmd.csv,/mnt/d/rk-multipair-nd/signal_regimes/analysis_results/present80_projected_mmd_full/per_run/analysis/PRESENT-80/r9/k4/seed201/projected_mmd.json,9,2.421255,201,af1c4442a39ef53fce8c11bbae66fe11f3aa587f842011157134249581d28682,present80_rkmp_controls_v1,completed
projected_mmd,PRESENT-80,2026-07-28T10:04:45.556803+00:00,analysis,de88652c356784d1d3e91da8cb7117b4230a9063c5342f37726d073b53263ad6,771e89cf815df46c8da5ad2ee77b8821252e3e42ae1a5eb861b2a9d4c267d94a,present80_projected_mmd_full,4,/mnt/d/rk-multipair-nd/signal_regimes/analysis_results/present80_projected_mmd_full/per_run/analysis/PRESENT-80/r9/k4/seed202/projected_mmd.csv,/mnt/d/rk-multipair-nd/signal_regimes/analysis_results/present80_projected_mmd_full/per_run/analysis/PRESENT-80/r9/k4/seed202/projected_mmd.json,9,1.950656,202,8d0af5f35f3d82cd90bd087b12adc66c2c5dff28448f972cc191c36daa4473fe,present80_rkmp_controls_v1,completed
projected_mmd,PRESENT-80,2026-07-28T10:04:50.727632+00:00,analysis,616567e54952bec262e0341fceb765200d270b329a47a22be6634e725a86d8be,771e89cf815df46c8da5ad2ee77b8821252e3e42ae1a5eb861b2a9d4c267d94a,present80_projected_mmd_full,4,/mnt/d/rk-multipair-nd/signal_regimes/analysis_results/present80_projected_mmd_full/per_run/analysis/PRESENT-80/r9/k4/seed203/projected_mmd.csv,/mnt/d/rk-multipair-nd/signal_regimes/analysis_results/present80_projected_mmd_full/per_run/analysis/PRESENT-80/r9/k4/seed203/projected_mmd.json,9,2.060463,203,be9230cfabbce77df4eeb4b9f143c3e19a423606dbf4f0eeb32d76eb7b1821db,present80_rkmp_controls_v1,completed
projected_mmd,PRESENT-80,2026-07-28T10:04:53.363329+00:00,analysis,6591baa04a1eb9275d7499429240ef6c039a287ce3a9df2e063dbaa810744d6b,771e89cf815df46c8da5ad2ee77b8821252e3e42ae1a5eb861b2a9d4c267d94a,present80_projected_mmd_full,8,/mnt/d/rk-multipair-nd/signal_regimes/analysis_results/present80_projected_mmd_full/per_run/analysis/PRESENT-80/r9/k8/seed201/projected_mmd.csv,/mnt/d/rk-multipair-nd/signal_regimes/analysis_results/present80_projected_mmd_full/per_run/analysis/PRESENT-80/r9/k8/seed201/projected_mmd.json,9,2.311874,201,0bbe73abd8c2e2ceedafc19440d35f91571e3df0e5893a51e472e0430b3783e5,present80_rkmp_controls_v1,completed
projected_mmd,PRESENT-80,2026-07-28T10:04:56.859732+00:00,analysis,dc9f82b355989a677ea203aaf5311fd4fb87fc82869bebe07fb6b33f6570535d,771e89cf815df46c8da5ad2ee77b8821252e3e42ae1a5eb861b2a9d4c267d94a,present80_projected_mmd_full,8,/mnt/d/rk-multipair-nd/signal_regimes/analysis_results/present80_projected_mmd_full/per_run/analysis/PRESENT-80/r9/k8/seed202/projected_mmd.csv,/mnt/d/rk-multipair-nd/signal_regimes/analysis_results/present80_projected_mmd_full/per_run/analysis/PRESENT-80/r9/k8/seed202/projected_mmd.json,9,3.33239,202,32d67accd99a1e61ae9d483aa68b80c3d2bd64c07b1c87343804f2f314668445,present80_rkmp_controls_v1,completed
projected_mmd,PRESENT-80,2026-07-28T10:04:59.407124+00:00,analysis,a18eda302cf6f065e2ba64d39dfaf8e9d50f8c6756b99dfdcb3a1bfabd754f3e,771e89cf815df46c8da5ad2ee77b8821252e3e42ae1a5eb861b2a9d4c267d94a,present80_projected_mmd_full,8,/mnt/d/rk-multipair-nd/signal_regimes/analysis_results/present80_projected_mmd_full/per_run/analysis/PRESENT-80/r9/k8/seed203/projected_mmd.csv,/mnt/d/rk-multipair-nd/signal_regimes/analysis_results/present80_projected_mmd_full/per_run/analysis/PRESENT-80/r9/k8/seed203/projected_mmd.json,9,2.367815,203,4edc37a5761e740c112ed32ddc392d7dba667445b7293f98953d61bd173eaa59,present80_rkmp_controls_v1,completed
projected_mmd,PRESENT-80,2026-07-28T10:05:03.779077+00:00,analysis,6a6972ba60c9fa2c9348a44746cde0f4e241c2cf9fefbb6feebacc4373086e64,771e89cf815df46c8da5ad2ee77b8821252e3e42ae1a5eb861b2a9d4c267d94a,present80_projected_mmd_full,16,/mnt/d/rk-multipair-nd/signal_regimes/analysis_results/present80_projected_mmd_full/per_run/analysis/PRESENT-80/r9/k16/seed201/projected_mmd.csv,/mnt/d/rk-multipair-nd/signal_regimes/analysis_results/present80_projected_mmd_full/per_run/analysis/PRESENT-80/r9/k16/seed201/projected_mmd.json,9,4.219603,201,948dceb559da0c3fff63324bc0f33799ce1662008513b77c4336ac7afc9681f6,present80_rkmp_controls_v1,completed
projected_mmd,PRESENT-80,2026-07-28T10:05:07.340918+00:00,analysis,16e8b5eef09eae44051c81bdbd8f2b0b724b0ee439870e8650a13a9b48fd8cda,771e89cf815df46c8da5ad2ee77b8821252e3e42ae1a5eb861b2a9d4c267d94a,present80_projected_mmd_full,16,/mnt/d/rk-multipair-nd/signal_regimes/analysis_results/present80_projected_mmd_full/per_run/analysis/PRESENT-80/r9/k16/seed202/projected_mmd.csv,/mnt/d/rk-multipair-nd/signal_regimes/analysis_results/present80_projected_mmd_full/per_run/analysis/PRESENT-80/r9/k16/seed202/projected_mmd.json,9,3.431687,202,08532e5485702627525715b81d35286bf83c1231fde06a783ad0b98bd61ccee2,present80_rkmp_controls_v1,completed
projected_mmd,PRESENT-80,2026-07-28T10:05:11.023097+00:00,analysis,7c1381b56e5398f2c28d170c2a5b459179a89fdff79c649c21aae50da8376939,771e89cf815df46c8da5ad2ee77b8821252e3e42ae1a5eb861b2a9d4c267d94a,present80_projected_mmd_full,16,/mnt/d/rk-multipair-nd/signal_regimes/analysis_results/present80_projected_mmd_full/per_run/analysis/PRESENT-80/r9/k16/seed203/projected_mmd.csv,/mnt/d/rk-multipair-nd/signal_regimes/analysis_results/present80_projected_mmd_full/per_run/analysis/PRESENT-80/r9/k16/seed203/projected_mmd.json,9,3.512671,203,3fac547b504995aba504004d00d646cc9e96ede87de5b4ef45c931028a39e66c,present80_rkmp_controls_v1,completed
projected_mmd,PRESENT-80,2026-07-28T10:05:18.393475+00:00,analysis,aedb84be98dfba2728bc8a273c91e24cb36305faa8a28293bea7d7d442b69593,771e89cf815df46c8da5ad2ee77b8821252e3e42ae1a5eb861b2a9d4c267d94a,present80_projected_mmd_full,32,/mnt/d/rk-multipair-nd/signal_regimes/analysis_results/present80_projected_mmd_full/per_run/analysis/PRESENT-80/r9/k32/seed201/projected_mmd.csv,/mnt/d/rk-multipair-nd/signal_regimes/analysis_results/present80_projected_mmd_full/per_run/analysis/PRESENT-80/r9/k32/seed201/projected_mmd.json,9,7.189143,201,45a2444372de7447ad34c3a048882ad6c3865ff20c29c864c781255093bfc5ab,present80_rkmp_controls_v1,completed
projected_mmd,PRESENT-80,2026-07-28T10:05:24.630754+00:00,analysis,2bc3959a937e07b99abcaafdc9b466b834d8781b0635f39d3af476843de73f77,771e89cf815df46c8da5ad2ee77b8821252e3e42ae1a5eb861b2a9d4c267d94a,present80_projected_mmd_full,32,/mnt/d/rk-multipair-nd/signal_regimes/analysis_results/present80_projected_mmd_full/per_run/analysis/PRESENT-80/r9/k32/seed202/projected_mmd.csv,/mnt/d/rk-multipair-nd/signal_regimes/analysis_results/present80_projected_mmd_full/per_run/analysis/PRESENT-80/r9/k32/seed202/projected_mmd.json,9,5.878508,202,ecf11aa810a828759d4d276f7680e1b6e9a95fbd09a9d6a5589d3cc05427df73,present80_rkmp_controls_v1,completed
projected_mmd,PRESENT-80,2026-07-28T10:05:30.990342+00:00,analysis,722e36a5b816fc5ce21c8c4735f1a12e636d812d7e88946169edba8d47316228,771e89cf815df46c8da5ad2ee77b8821252e3e42ae1a5eb861b2a9d4c267d94a,present80_projected_mmd_full,32,/mnt/d/rk-multipair-nd/signal_regimes/analysis_results/present80_projected_mmd_full/per_run/analysis/PRESENT-80/r9/k32/seed203/projected_mmd.csv,/mnt/d/rk-multipair-nd/signal_regimes/analysis_results/present80_projected_mmd_full/per_run/analysis/PRESENT-80/r9/k32/seed203/projected_mmd.json,9,6.181328,203,b5825aae6dad3dc4ec16e981cc642f7436738756e500a18c3d01b53a10b3c7be,present80_rkmp_controls_v1,completed
projected_mmd,PRESENT-80,2026-07-28T10:05:31.508372+00:00,analysis,50d151ee1e62e4202e476f5cd48a553711f66de96eedfbf265b85cc726c95304,771e89cf815df46c8da5ad2ee77b8821252e3e42ae1a5eb861b2a9d4c267d94a,present80_projected_mmd_full,1,/mnt/d/rk-multipair-nd/signal_regimes/analysis_results/present80_projected_mmd_full/per_run/analysis/PRESENT-80/r10/k1/seed201/projected_mmd.csv,/mnt/d/rk-multipair-nd/signal_regimes/analysis_results/present80_projected_mmd_full/per_run/analysis/PRESENT-80/r10/k1/seed201/projected_mmd.json,10,0.341539,201,21c08623635bc1ea001b91ac52fb9536f9e4f3513900d49db445f0fd9eb58e23,present80_rkmp_controls_v1,completed
projected_mmd,PRESENT-80,2026-07-28T10:05:33.025997+00:00,analysis,8559beae27afad0b7b47d3509f048cd59435a6e7282d30f4831ef045e38d4d87,771e89cf815df46c8da5ad2ee77b8821252e3e42ae1a5eb861b2a9d4c267d94a,present80_projected_mmd_full,1,/mnt/d/rk-multipair-nd/signal_regimes/analysis_results/present80_projected_mmd_full/per_run/analysis/PRESENT-80/r10/k1/seed202/projected_mmd.csv,/mnt/d/rk-multipair-nd/signal_regimes/analysis_results/present80_projected_mmd_full/per_run/analysis/PRESENT-80/r10/k1/seed202/projected_mmd.json,10,1.241128,202,cf9e111ade57ef954819ece8aa25887334db65dd26b54a9aa2d4eaa4ab14ed66,present80_rkmp_controls_v1,completed
projected_mmd,PRESENT-80,2026-07-28T10:05:34.468158+00:00,analysis,80670c2f9338c752869dbf2f5cf90302dd7478dc63bdb47e77003c97cf835ab1,771e89cf815df46c8da5ad2ee77b8821252e3e42ae1a5eb861b2a9d4c267d94a,present80_projected_mmd_full,1,/mnt/d/rk-multipair-nd/signal_regimes/analysis_results/present80_projected_mmd_full/per_run/analysis/PRESENT-80/r10/k1/seed203/projected_mmd.csv,/mnt/d/rk-multipair-nd/signal_regimes/analysis_results/present80_projected_mmd_full/per_run/analysis/PRESENT-80/r10/k1/seed203/projected_mmd.json,10,1.04954,203,6aed39477e71655de8e847948bb7ae5a69022072aaddff30e8395b9eddca5816,present80_rkmp_controls_v1,completed
projected_mmd,PRESENT-80,2026-07-28T10:05:35.944090+00:00,analysis,5c9640c4b074b4e394cf42ca6909dd1c608662059f69ff4bb64308b0b9863006,771e89cf815df46c8da5ad2ee77b8821252e3e42ae1a5eb861b2a9d4c267d94a,present80_projected_mmd_full,2,/mnt/d/rk-multipair-nd/signal_regimes/analysis_results/present80_projected_mmd_full/per_run/analysis/PRESENT-80/r10/k2/seed201/projected_mmd.csv,/mnt/d/rk-multipair-nd/signal_regimes/analysis_results/present80_projected_mmd_full/per_run/analysis/PRESENT-80/r10/k2/seed201/projected_mmd.json,10,1.011642,201,ecceca28e54cd95a7e7f6f7c521d3e6ca93f14672dbe7413fd4fedce334073c4,present80_rkmp_controls_v1,completed
projected_mmd,PRESENT-80,2026-07-28T10:05:42.798808+00:00,analysis,3b6ddc6c678be8b6cb95d2ed3ee320c8b4be0c464c0d7de6aade37db5372ffb7,771e89cf815df46c8da5ad2ee77b8821252e3e42ae1a5eb861b2a9d4c267d94a,present80_projected_mmd_full,2,/mnt/d/rk-multipair-nd/signal_regimes/analysis_results/present80_projected_mmd_full/per_run/analysis/PRESENT-80/r10/k2/seed202/projected_mmd.csv,/mnt/d/rk-multipair-nd/signal_regimes/analysis_results/present80_projected_mmd_full/per_run/analysis/PRESENT-80/r10/k2/seed202/projected_mmd.json,10,2.285481,202,6d2b49068bbb4a49f9168fa21149878d4b12fedab64ffc88a1a0dc5fe328821b,present80_rkmp_controls_v1,completed
projected_mmd,PRESENT-80,2026-07-28T10:05:43.572362+00:00,analysis,d21fc226b78b078e2cf6142468ace47a097bfba4dc655e2b11c19a13eb8fb46a,771e89cf815df46c8da5ad2ee77b8821252e3e42ae1a5eb861b2a9d4c267d94a,present80_projected_mmd_full,2,/mnt/d/rk-multipair-nd/signal_regimes/analysis_results/present80_projected_mmd_full/per_run/analysis/PRESENT-80/r10/k2/seed203/projected_mmd.csv,/mnt/d/rk-multipair-nd/signal_regimes/analysis_results/present80_projected_mmd_full/per_run/analysis/PRESENT-80/r10/k2/seed203/projected_mmd.json,10,0.568093,203,b197dedeac620fe4a67b268ee058e78cf60bba58de99a21504e0a48e00ffad13,present80_rkmp_controls_v1,completed
projected_mmd,PRESENT-80,2026-07-28T10:05:46.121427+00:00,analysis,0e907481c6cb9040e6b712149930b3dd417713e83f9bb2a19e211975e49f4adc,771e89cf815df46c8da5ad2ee77b8821252e3e42ae1a5eb861b2a9d4c267d94a,present80_projected_mmd_full,4,/mnt/d/rk-multipair-nd/signal_regimes/analysis_results/present80_projected_mmd_full/per_run/analysis/PRESENT-80/r10/k4/seed201/projected_mmd.csv,/mnt/d/rk-multipair-nd/signal_regimes/analysis_results/present80_projected_mmd_full/per_run/analysis/PRESENT-80/r10/k4/seed201/projected_mmd.json,10,2.189867,201,595af3d8a6c96ccd3ec7601abd55862f77ebb8f453d8125cd7ab0dbe97267b6a,present80_rkmp_controls_v1,completed
projected_mmd,PRESENT-80,2026-07-28T10:05:48.275434+00:00,analysis,60e55965ace120ac3d3f9537ba68063c981e527cbc91f94f9135eda40bb8248f,771e89cf815df46c8da5ad2ee77b8821252e3e42ae1a5eb861b2a9d4c267d94a,present80_projected_mmd_full,4,/mnt/d/rk-multipair-nd/signal_regimes/analysis_results/present80_projected_mmd_full/per_run/analysis/PRESENT-80/r10/k4/seed202/projected_mmd.csv,/mnt/d/rk-multipair-nd/signal_regimes/analysis_results/present80_projected_mmd_full/per_run/analysis/PRESENT-80/r10/k4/seed202/projected_mmd.json,10,1.97898,202,b432ae191849235a2a8cf1b9be44a3d7af774230329d3911fd042113fbb6786f,present80_rkmp_controls_v1,completed
projected_mmd,PRESENT-80,2026-07-28T10:05:51.205316+00:00,analysis,e3492d883a372fc42c4da4bdc65ae7d35d43c999eaf3b16f10c1fcf85b1fea45,771e89cf815df46c8da5ad2ee77b8821252e3e42ae1a5eb861b2a9d4c267d94a,present80_projected_mmd_full,4,/mnt/d/rk-multipair-nd/signal_regimes/analysis_results/present80_projected_mmd_full/per_run/analysis/PRESENT-80/r10/k4/seed203/projected_mmd.csv,/mnt/d/rk-multipair-nd/signal_regimes/analysis_results/present80_projected_mmd_full/per_run/analysis/PRESENT-80/r10/k4/seed203/projected_mmd.json,10,2.799024,203,8b641980927b83e6bbcd8087f55d8c73b38626ebcd5382745a9dc92294305607,present80_rkmp_controls_v1,completed
projected_mmd,PRESENT-80,2026-07-28T10:05:55.376836+00:00,analysis,694d53029a376eb6d35c2fd9f25d9207004a13d826143eeb955c80bd39eb2408,771e89cf815df46c8da5ad2ee77b8821252e3e42ae1a5eb861b2a9d4c267d94a,present80_projected_mmd_full,8,/mnt/d/rk-multipair-nd/signal_regimes/analysis_results/present80_projected_mmd_full/per_run/analysis/PRESENT-80/r10/k8/seed201/projected_mmd.csv,/mnt/d/rk-multipair-nd/signal_regimes/analysis_results/present80_projected_mmd_full/per_run/analysis/PRESENT-80/r10/k8/seed201/projected_mmd.json,10,4.010581,201,b8448febd1de49c577fbfdddcf7fa4742f8965da97faf5d9d2f9c8ca82403aad,present80_rkmp_controls_v1,completed
projected_mmd,PRESENT-80,2026-07-28T10:05:58.690618+00:00,analysis,4ec1349848af06a2fd27abd1221395b078c76099980783ef97a29d27f0f60ca4,771e89cf815df46c8da5ad2ee77b8821252e3e42ae1a5eb861b2a9d4c267d94a,present80_projected_mmd_full,8,/mnt/d/rk-multipair-nd/signal_regimes/analysis_results/present80_projected_mmd_full/per_run/analysis/PRESENT-80/r10/k8/seed202/projected_mmd.csv,/mnt/d/rk-multipair-nd/signal_regimes/analysis_results/present80_projected_mmd_full/per_run/analysis/PRESENT-80/r10/k8/seed202/projected_mmd.json,10,2.791824,202,6a5f9cfdb896046966f34ce65c57a43017ccc880a2660e42b756263c6b1d2c72,present80_rkmp_controls_v1,completed
projected_mmd,PRESENT-80,2026-07-28T10:06:02.451025+00:00,analysis,e739823d728c5c2f6e0c67841bc819cb26998aa6a7e0403512c49f0593d5959c,771e89cf815df46c8da5ad2ee77b8821252e3e42ae1a5eb861b2a9d4c267d94a,present80_projected_mmd_full,8,/mnt/d/rk-multipair-nd/signal_regimes/analysis_results/present80_projected_mmd_full/per_run/analysis/PRESENT-80/r10/k8/seed203/projected_mmd.csv,/mnt/d/rk-multipair-nd/signal_regimes/analysis_results/present80_projected_mmd_full/per_run/analysis/PRESENT-80/r10/k8/seed203/projected_mmd.json,10,3.521847,203,c17a166ce3c965a51d2623ff7a47eb532a54121ba6baca31563ef0c134dc394a,present80_rkmp_controls_v1,completed
projected_mmd,PRESENT-80,2026-07-28T10:06:05.953854+00:00,analysis,8ba80c8a6fec2f4c3de4f02f8a2c320d2ed0861615e1377d4f8a4e3a6cf5d59e,771e89cf815df46c8da5ad2ee77b8821252e3e42ae1a5eb861b2a9d4c267d94a,present80_projected_mmd_full,16,/mnt/d/rk-multipair-nd/signal_regimes/analysis_results/present80_projected_mmd_full/per_run/analysis/PRESENT-80/r10/k16/seed201/projected_mmd.csv,/mnt/d/rk-multipair-nd/signal_regimes/analysis_results/present80_projected_mmd_full/per_run/analysis/PRESENT-80/r10/k16/seed201/projected_mmd.json,10,3.299849,201,396582cf37d0fee400dafddedc89c4ff4710bb7d61f72e7b7fdeb79df926ef44,present80_rkmp_controls_v1,completed
projected_mmd,PRESENT-80,2026-07-28T10:06:09.967304+00:00,analysis,794da0c25a7e576f68ca6cdf5192904967aa2f0102d9b86e9e6261c7c0d2e856,771e89cf815df46c8da5ad2ee77b8821252e3e42ae1a5eb861b2a9d4c267d94a,present80_projected_mmd_full,16,/mnt/d/rk-multipair-nd/signal_regimes/analysis_results/present80_projected_mmd_full/per_run/analysis/PRESENT-80/r10/k16/seed202/projected_mmd.csv,/mnt/d/rk-multipair-nd/signal_regimes/analysis_results/present80_projected_mmd_full/per_run/analysis/PRESENT-80/r10/k16/seed202/projected_mmd.json,10,3.816059,202,f5c38c096e650d593f0263500f83be6ada8c7f6b9b852112c8c63d5193902aec,present80_rkmp_controls_v1,completed
projected_mmd,PRESENT-80,2026-07-28T10:06:17.978793+00:00,analysis,42c65f7a466c6dc4cec52d397c8957fa6fca52cdeffe755637c74368e1f2d5ec,771e89cf815df46c8da5ad2ee77b8821252e3e42ae1a5eb861b2a9d4c267d94a,present80_projected_mmd_full,16,/mnt/d/rk-multipair-nd/signal_regimes/analysis_results/present80_projected_mmd_full/per_run/analysis/PRESENT-80/r10/k16/seed203/projected_mmd.csv,/mnt/d/rk-multipair-nd/signal_regimes/analysis_results/present80_projected_mmd_full/per_run/analysis/PRESENT-80/r10/k16/seed203/projected_mmd.json,10,4.905089,203,a78e190f564a618ef3950bf4c52c865aabab33b76dbe4d52de2f404659512ed4,present80_rkmp_controls_v1,completed
projected_mmd,PRESENT-80,2026-07-28T10:06:24.894466+00:00,analysis,acc733e2cb4ea28c90fc06a018f1195639a0a4cac0fd2a5b706964f73a8b7845,771e89cf815df46c8da5ad2ee77b8821252e3e42ae1a5eb861b2a9d4c267d94a,present80_projected_mmd_full,32,/mnt/d/rk-multipair-nd/signal_regimes/analysis_results/present80_projected_mmd_full/per_run/analysis/PRESENT-80/r10/k32/seed201/projected_mmd.csv,/mnt/d/rk-multipair-nd/signal_regimes/analysis_results/present80_projected_mmd_full/per_run/analysis/PRESENT-80/r10/k32/seed201/projected_mmd.json,10,6.707866,201,fcd1a3d92a43640a58dd2df33a39b394bbcb192f5366f5a89a805235004c2db2,present80_rkmp_controls_v1,completed
projected_mmd,PRESENT-80,2026-07-28T10:06:31.443222+00:00,analysis,ef3c542d6117ea15381557f0ac1d134cba589e22fa866cdf5e99c6eb152e752d,771e89cf815df46c8da5ad2ee77b8821252e3e42ae1a5eb861b2a9d4c267d94a,present80_projected_mmd_full,32,/mnt/d/rk-multipair-nd/signal_regimes/analysis_results/present80_projected_mmd_full/per_run/analysis/PRESENT-80/r10/k32/seed202/projected_mmd.csv,/mnt/d/rk-multipair-nd/signal_regimes/analysis_results/present80_projected_mmd_full/per_run/analysis/PRESENT-80/r10/k32/seed202/projected_mmd.json,10,6.384783,202,6ffcf899895271d9a4536e66ad058f52d070cc31fb84d4a86be9c5018907b423,present80_rkmp_controls_v1,completed
projected_mmd,PRESENT-80,2026-07-28T10:06:38.059702+00:00,analysis,5f709f83590bfa13420fcd4445d866dff68e5517714abb307c2a671b4e179751,771e89cf815df46c8da5ad2ee77b8821252e3e42ae1a5eb861b2a9d4c267d94a,present80_projected_mmd_full,32,/mnt/d/rk-multipair-nd/signal_regimes/analysis_results/present80_projected_mmd_full/per_run/analysis/PRESENT-80/r10/k32/seed203/projected_mmd.csv,/mnt/d/rk-multipair-nd/signal_regimes/analysis_results/present80_projected_mmd_full/per_run/analysis/PRESENT-80/r10/k32/seed203/projected_mmd.json,10,6.455644,203,d46dc2ba0234b27fa73c91c768847a13ddf802ba6c3db9ba2f073d1feec760b0,present80_rkmp_controls_v1,completed
